City,State,Country,Latitude,Longitude
Corvallis,OR,USA,44.5645659,-123.2620435
San Francisco,CA,USA,37.7792588,-122.4193286
Forest,IN,USA,40.373648,-86.3327748
New York,NY,USA,40.7127281,-74.0060152
Winston-Salem,NC,USA,36.0998131,-80.2440518
Aschaffenburg,,Germany,49.9706701,9.1384857
Berlin,,Germany,52.510885,13.3989367
Atlanta,GA,USA,33.7489924,-84.3902644
Copenhagen,,Denmark,55.6867243,12.5700724
Forest of Dean,,United Kingdom,51.8001701,-2.5307528
Richmond,VA,USA,37.5385087,-77.43428
Cologne,,Germany,50.938361,6.959974
London,,United Kingdom,51.4893335,-0.1440551
St Louis,MO,USA,38.6280278,-90.1910154
Stockholm,,Sweden,59.3251172,18.0710935
Elgin,IL,USA,42.03726,-88.2810994
Warsaw,,Poland,52.2337172,21.0714322
Istanbul,,Turkey,41.006381,28.9758715
Austin,TX,USA,30.2711286,-97.7436995
Cleveland,OH,USA,41.4996574,-81.6936772
Chicago,IL,United States,41.8755616,-87.6244212
Vancouver,,Canada,49.2608724,-123.113952
Portland,OR,USA,45.5202471,-122.674194
Denver,CO,USA,39.7392364,-104.984862
Sofia,,Bulgaria,42.6977028,23.3217359
Barcelona,,Spain,41.3825802,2.177073
Melbourne,FL,USA,28.0785034,-80.6077908
Jensen Beach,FL,United States,27.2379528,-80.2389899
Palm Bay,FL,USA,27.9946969,-80.6366144
Paris,,France,48.8534951,2.3483915
New York,NY,United States,40.7127281,-74.0060152
Dublin,,Ireland,53.3493795,-6.2605593
Great Cacapon,WV,USA,39.613883,-78.2861786
Boston,MA,USA,42.3554334,-71.060511
Raleigh,NC,USA,35.7803977,-78.6390989
Frankfort,KY,USA,38.2009055,-84.8732836
Delhi,,India,28.6273928,77.1716954
Cambridge,MA,United States,42.3656347,-71.1040018
Carnation,WA,USA,47.6475134,-121.9129419
Newcastle Upon Tyne,,United Kingdom,54.9738474,-1.6131572
Pune,,India,18.5213738,73.8545071
Bangalore,Karnataka,India,12.9881567,77.6226
Brighton,,United Kingdom,50.8214626,-0.1400561
Maringa,,Brazil,-23.425269,-51.9382078
Glasgow,,United Kingdom,55.861155,-4.2501687
Philadelphia,PA,USA,39.9527237,-75.1635262
Chicago,IL,USA,41.8755616,-87.6244212
Dundee,,United Kingdom,56.4605938,-2.97019
Gurgaon,,India,28.4646148,77.0299194
Hong Kong,,Hong Kong,22.2793278,114.1628131
Los Angeles,CA,United States,34.0536909,-118.242766
Silicon Valley,CA,United States,37.4429964,-122.1545229
Toronto,,Canada,43.6534817,-79.3839347
Rome,,Italy,41.8933203,12.4829321
Kirkland,WA,United States,47.6765382,-122.2070775
El Cerrito,CA,USA,37.9154056,-122.301411
Providence,RI,USA,41.8239891,-71.4128343
Healdsburg,CA,USA,38.6106812,-122.870138
Chennai,,India,13.0836939,80.270186
Uppsala,,Sweden,59.8586126,17.6387436
Mountain View,CA,USA,37.3893889,-122.0832101
Tacoma,WA,USA,47.2455013,-122.438329
Santa Monica,CA,USA,34.0194704,-118.491227
Kansas City,Missouri,United States,39.100105,-94.5781416
Kirkland,WA,USA,47.6765382,-122.2070775
Redmond,WA,USA,47.6694141,-122.1238767
Bristol,CT,USA,41.6735209,-72.9464859
Salt Lake City,UT,USA,40.7596198,-111.886797
Boulder,CO,USA,40.0149856,-105.270545
Tokyo,,Japan,35.6768601,139.7638947
Williamsport,PA,USA,41.2411556,-77.0011096
Orlando,FL,USA,28.5421109,-81.3790304
San Antonio,TX,USA,29.4246002,-98.4951405
London,,England United Kingdom,51.4893335,-0.1440551
Gilbert,AZ,USA,33.3527632,-111.789037
Frankfurt Am Main,,Germany,50.1106444,8.6820917
Devon,PA,USA,40.0473603,-75.4229511
San Mateo,CA,USA,37.496904,-122.3330573
Charlotte,NC,United States,35.2272086,-80.8430827
Earth,TX,USA,34.2331373,-102.4107493
Kiel,,Germany,54.3227085,10.135555
Bandung,,Indonesia,-6.9215529,107.6110212
Ahmedabad,Gujarat,India,23.0215374,72.5800568
Jacksonville,FL,USA,30.3321838,-81.655651
Sao Paulo,,Brazil,-23.5506507,-46.6333824
Vilnius,,Lithuania,54.6870458,25.2829111
Vilnius,,Republic of Lithuania,54.6870458,25.2829111
Chennai,Tamil Nadu,India,13.0836939,80.270186
Madrid,,Spain,40.4167047,-3.7035825
London,,UK,51.4893335,-0.1440551
Seattle,WA,USA,47.6038321,-122.330062
Cambridge,MA,USA,42.3656347,-71.1040018
Laurel,MD,USA,39.0984317,-76.8485094
Sault Ste Marie,,Canada,46.5126554,-84.3330301
Houston,TX,USA,29.7589382,-95.3676974
Denton,TX,USA,33.1838787,-97.1413417
Tres Cantos,,Spain,40.6065826,-3.7065333
Montpellier,,France,43.6112422,3.8767337
Los Angeles,CA,USA,34.0536909,-118.242766
Cottingham,,United Kingdom,53.7804805,-0.4178553
Amsterdam,,The Netherlands,52.3730796,4.8924534
Mountain View,CA,United States,37.3893889,-122.0832101
Menlo Park,,Calif.,37.4519671,-122.177992
San Jose,CA,USA,37.3361663,-121.890591
Westford,MA,USA,42.5792583,-71.4378411
Orem,UT,USA,40.2981599,-111.6944313
Jersey City,NJ,USA,40.7215682,-74.047455
Saint Paul,Minnesota,United States,44.9497487,-93.0931028
Boston,MA,United States,42.3554334,-71.060511
Las Palmas,,Hiszpania,27.9580004,-15.6062305
Ann Arbor,MI,USA,42.2813722,-83.7484616
New York,New York,United States,40.7127281,-74.0060152
Geneva,,Switzerland,46.2017559,6.1466014
Luxembourg City,,Luxembourg,49.5999681,6.1342493
Lafayette,IN,USA,40.4191229,-86.8919011
Shefford,,United Kingdom,52.0384063,-0.3355203
Singapore,,Singapore,1.357107,103.8194992
Minneapolis,MN,USA,44.9772995,-93.2654692
Clackamas,OR,USA,45.1608821,-122.2305038
Chapel Hill,NC,USA,35.9131542,-79.05578
Edinburgh,,United Kingdom,55.9533456,-3.1883749
Lowell,MA,USA,42.6414437,-71.3085329
Manchester,,United Kingdom,53.4794892,-2.2451148
Kiev,,Ukraine,50.4500336,30.5241361
Cambridge,,England United Kingdom,52.2055314,0.1186637
Burnaby,,Canada,49.2433804,-122.972545
Hillsborough,CA,USA,37.557252,-122.362529
Coimbra,,Portugal,40.2111931,-8.4294632
Palo Alto,CA,USA,37.4443293,-122.1598465
San Diego,CA,USA,32.7174202,-117.162772
Oceanside,CA,United States,33.1958696,-117.379483
Vaud,,Switzerland,46.6356963,6.5320717
Delta,,Canada,49.0846258,-123.057938
England,,United Kingdom,52.5310214,-1.2649062
Walnut Creek,CA,USA,37.9020731,-122.0618702
Mumbai,,India,19.054999,72.8692035
Johnson City,TN,USA,36.3134398,-82.3534728
Shropshire,,UK,52.6523393,-2.6435641
Leeds,,United Kingdom,53.7974185,-1.5437941
Westborough,MA,USA,42.2694308,-71.6129907
Washington,DC,USA,38.8950368,-77.0365427
Phoenix,AZ,USA,33.4484367,-112.074141
Columbia,Maryland,USA,39.1938429,-76.8646092
Sala,,Sweden,59.966667,16.6
Pittsburgh,PA,USA,40.4416941,-79.9900861
Farmington Hills,MI,USA,42.4853125,-83.3771553
Arnhem,,Nederland,52.0056642,5.8762345
Beijing,,China,40.190632,116.412144
Dnipropetrovsk,,Ukraine,48.662589,34.9501715
New Delhi,,India,28.6430858,77.2192671
Kuna,ID,USA,43.4918307,-116.420122
Liverpool,,United Kingdom,53.4071991,-2.99168
Idaho Falls,ID,USA,43.4887907,-112.03628
Evans,CO,USA,40.3772168,-104.6977634
Brooklyn,NY,USA,40.6526006,-73.9497211
Palo Alto,CA,United States,37.4443293,-122.1598465
Nugegoda,,Sri Lanka,6.8699688,79.8882835
Chesham,,United Kingdom,51.7052231,-0.611116
Northport,NY,United States,40.9009595,-73.343167
San Leandro,CA,USA,37.7249296,-122.1560768
Bay Area,CA,USA,37.7884969,-122.3558473
Bangalore,,India,12.9881567,77.6226
Budapest,,Hungary,47.4978789,19.0402383
Santiago,,Chile,-33.4377756,-70.6504502
Riyadh,,Saudi Arabia,23.333333,45.333333
Frontier,WA,USA,48.9996344,-117.8310975
Lisbon,,Portugal,38.7077507,-9.1365919
Mexico City,,Mexico,19.3207722,-99.1514678
Irvine,CA,USA,33.6856969,-117.825981
Portland,OR,United States,45.5202471,-122.674194
Newark,NJ,USA,40.735657,-74.1723667
Bloomington,IN,USA,39.1670396,-86.5342881
Bloomington,IN,United States,39.1670396,-86.5342881
Livermore,CA,USA,37.6820583,-121.768053
Dallas,TX,USA,32.7762719,-96.7968559
Sunnyvale,CA,USA,37.3688301,-122.036349
Karachi,,Pakistan,24.8546842,67.0207055
Seattle,WA,United States,47.6038321,-122.330062
Nampa,ID,United States,43.5737361,-116.559631
Pasadena,CA,USA,34.1476507,-118.144155
Belgrade,Centralna Srbija,Serbia,44.8178131,20.4568974
Yokohama-shi,,Japan,35.4503381,139.6343802
Kolkata,,India,22.5726459,88.3638953
Ottawa,,Canada,45.4208777,-75.6901106
Bainbridge Island,WA,USA,47.6515096,-122.5246791
North Shore,MA,USA,33.5147927,-115.9091841
Shanghai,,China,31.2312707,121.4700152
Berkeley,CA,USA,37.8708393,-122.272863
Incline Village,NV,USA,39.2501246,-119.951909
Sumgait,,Azerbaijan,40.5961585,49.6696668
Zurich,,Switzerland,47.3744489,8.5410422
Oxford,,United Kingdom,51.7520131,-1.2578499
Utrecht,,Netherlands,52.0907006,5.1215634
Bucharest,,Romania,44.4361414,26.1027202
Hyderabad,,India,17.360589,78.4740613
Oslo,,Norge,59.9133301,10.7389701
Fontainebleau,,France,48.4049375,2.7015872
Grenoble,,France,45.1875602,5.7357819
Gdansk,Pomorskie,Poland,54.3482907,18.6540233
Miami,FL,USA,25.7741728,-80.19362
Santa Cruz,CA,USA,37.050096,-121.99059
Lethbridge,,Canada,49.6945782,-112.8331033
Collingswood,NJ,USA,39.9181686,-75.071284
Austin,TX,United States,30.2711286,-97.7436995
London,England,United Kingdom,51.4893335,-0.1440551
Amsterdam,,Netherlands,52.3730796,4.8924534
Espoo,,Finland,60.2049651,24.6559808
Lily,KY,USA,37.02459,-84.0748918
Pryor,OK,USA,36.3084275,-95.3169136
Bangalore,,Karnataka India,12.9881567,77.6226
Nashville,TN,USA,36.1622767,-86.7742984
Minneapolis,MN,United States,44.9772995,-93.2654692
Stamford,CT,USA,41.0534302,-73.5387341
Louisville,KY,USA,38.2542376,-85.759407
Scottsdale,AZ,USA,33.4942189,-111.926018
Pittsburgh,PA,United States,40.4416941,-79.9900861
Champaign,IL,USA,40.1164841,-88.2430932
Champaign,IL,United States,40.1164841,-88.2430932
Farnborough,,United Kingdom,51.2918693,-0.7539836
Honolulu,HI,USA,21.304547,-157.855676
Prague,,Czech Republic,50.0874654,14.4212535
Emerald Hills,CA,USA,32.7167187,-117.081141
Boyertown,Pennsylvania,United States,40.3337075,-75.6374083
Springfield,IL,USA,39.7990175,-89.6439575
Magdeburg,,Germany,52.1315889,11.6399609
Xiamen,,China,24.5438732,118.0768065
St. Louis,MO,USA,38.6280278,-90.1910154
Athens,,Greece,37.9755648,23.7348324
Brussels,,Belgium,50.8465573,4.351697
San Jose,,Costa Rica,9.9325427,-84.0795782
Lahore,,Pakistan,31.5656822,74.3141829
Burke,Virginia,USA,38.7812445,-77.2688875
Selangor,,Malaysia,3.2083304,101.304146
Pacifica,CA,USA,37.5980374,-122.4995234
Calgary,AB,Canada,51.0456064,-114.057541
Boise,ID,USA,43.6166163,-116.200886
Roseville,CA,USA,38.7521235,-121.2880059
Stamford,CT,United States,41.0534302,-73.5387341
Gliwice,Silesian,Poland,50.3011314,18.6623472
Atlantis,FL,USA,26.5909025,-80.1008762
Belgrade,,Serbia,44.8178131,20.4568974
Rajkot,,India,22.3053263,70.8028377
Cambridge,ID,USA,44.572596,-116.6760812
Charlotte,NC,USA,35.2272086,-80.8430827
Buffalo,NY,USA,42.8867166,-78.8783922
Riga,,Republic of Latvia,56.9493977,24.1051846
Ljubljana,,Slovenia,46.0500268,14.5069289
Sheffield,,United Kingdom,53.3806626,-1.4702278
Hartford,CT,United States,41.764582,-72.6908547
Mississauga,Ontario,Canada,43.5896231,-79.6443879
Edmonton,,Canada,53.5462055,-113.491241
Toronto,,ON,43.6534817,-79.3839347
Cape Town,,South Africa,-33.9288301,18.4172197
Bend,OR,USA,44.0581728,-121.3153096
Lancaster,CA,USA,34.6981064,-118.1366153
Rueil-Malmaison,,France,48.87778,2.1802832
Aberdeen,,United Kingdom,57.1482429,-2.0928095
Brasilia,,Brazil,-10.3333333,-53.2
Cambridge,,United Kingdom,52.2055314,0.1186637
Johannesburg,,South Africa,-26.205,28.049722
Rawalpindi,,Pakistan,33.5914237,73.0535122
Helsinki,,Suomi,60.1674881,24.9427473
Asker,,Norge,59.6812603,10.474836
Dusseldorf,,Germany,51.2254018,6.7763137
Montreal,,Canada,45.5031824,-73.5698065
Stanford,CA,USA,37.4265407,-122.1703055
Kingston,NY,USA,41.9287812,-74.0023825
Little Rock,AR,United States,34.7465071,-92.2896267
Frankfurt,,Germany,50.1106444,8.6820917
Dhaka,,Bangladesh,23.7643863,90.3890144
Phillips,ME,USA,44.8231128,-70.3395105
Woodstock,GA,USA,34.1014112,-84.5192192
Herriman,UT,USA,40.5139784,-112.0329086
Karlsruhe,,Germany,49.0068705,8.4034195
Hilliard,OH,USA,40.033814,-83.1596108
Shenzhen,,China,22.5445741,114.0545429
Moldova,,Chisinau,47.0245117,28.8322923
Belmont,CA,USA,37.5164926,-122.2941914
Princeton,NJ,USA,40.3496953,-74.6597376
Toronto,ON,Canada,43.6534817,-79.3839347
Brazil,,Minas Gerais,-18.5264844,-44.1588654
Jerusalem,,Israel,31.7788242,35.2257626
Calgary,,Canada,51.0456064,-114.057541
Milan,,Italy,45.4641943,9.1896346
Ajaokuta,,Nigeria,7.5639973,6.6291171
Tel Aviv,,Israel,32.0852997,34.7818064
Menlo Park,CA,United States,37.4519671,-122.177992
Northumberland,,United Kingdom,55.25,-2.000559
Milwaukee,WI,USA,43.0386475,-87.9090751
Basingstoke,,UK,51.262826,-1.0861976
Brixen,,Italy,46.716413,11.657792
Ahmadabad,,India,23.0215374,72.5800568
Tualatin,OR,USA,45.3809339,-122.7694369
Sydney,New South Wales,Australia,-33.8698439,151.2082848
Salt Lake City,UT,United States,40.7596198,-111.886797
Lebanon,OH,USA,39.4353373,-84.2029922
Arlington,MA,USA,42.4153739,-71.1564428
Bozeman,MT,USA,45.6794293,-111.044047
Charlottesville,VA,USA,38.029306,-78.4766781
Anchorage,AK,USA,61.2163129,-149.894852
Marquette,MI,USA,46.4481521,-87.6305899
Ithaca,NY,USA,42.4374175,-76.5483724
Oisterwijk,,The Netherlands,51.5661078,5.1986452
Hartford County,CT,United States,41.7918949,-72.744107
Wasatch Front,UT,USA,40.7745172,-112.0205492
Montpelier,ID,USA,42.3221498,-111.2977044
Munich,,Germany,48.1371079,11.5753822
Bay Area,CA,United States,37.7884969,-122.3558473
Cambridge,,UK,52.2055314,0.1186637
Taby,,Stockholm Sweden,59.4670482,18.0658494
San Francisco,CA,United States,37.7792588,-122.4193286
Berlin,,Alemanha,52.510885,13.3989367
Midlands,,UK,52.505432,-1.9646782
Rio de Janeiro,,Brazil,-22.9110137,-43.2093727
La Jolla,CA,USA,32.8401623,-117.2740777
Rio De Janeiro,,Brazil,-22.9110137,-43.2093727
New York,New York,USA,40.7127281,-74.0060152
Hong Kong,,Vancouver,22.2815712,114.186001
Helsinki,,Finland,60.1674881,24.9427473
Salt Lake City,Utah,USA,40.7596198,-111.886797
Jaipur,,India,26.9154576,75.8189817
Berkeley,CA,United States,37.8708393,-122.272863
Daejon,,South Korea,36.3497007,127.3849016
Alexandria,,Egypt,31.1991806,29.8951716
Beavercreek,Ohio,USA,39.7092262,-84.0632685
Cupertino,CA,USA,37.3228934,-122.0322895
Las Vegas,NV,USA,36.171697,-115.1463536
Hebden Bridge,,UK,53.7406425,-2.0092336
Islamabad,,Pakistan,33.6938118,73.0651511
Hyderabad,Telangana,India,17.360589,78.4740613
Holland,Pennsylvania,United States,40.1728871,-74.9926688
Milano,MI,Italia,45.4641943,9.1896346
Somerville,MA,USA,42.3875968,-71.0994968
Lake Oswego,OR,USA,45.4206749,-122.670649
Yunnan,,China,25,102
Brussels,,Belgique,50.8465573,4.351697
Portland,Oregon,USA,45.5202471,-122.674194
San Diego,CA,United States,32.7174202,-117.162772
Hamburg,,Germany,53.550341,10.000654
Oxford,MS,USA,34.3663773,-89.5187664
Arlington,VA,United States,38.8769326,-77.0893094
Newport Beach,CA,USA,33.6170092,-117.9294401
Turin,,Italy,45.0677551,7.6824892
Vasai,,India,19.3428238,72.805441
Seoul,,South Korea,37.5666791,126.9782914
Haifa,,Israel,32.8191218,34.9983856
Kolkata,West Bengal,India,22.5726459,88.3638953
Buenos Aires,,Argentina,-34.6083696,-58.4440583
Atlanta,Georgia,USA,33.7489924,-84.3902644
Columbus,OH,USA,39.9622601,-83.0007065
Woodbridge,CT,USA,41.3531983,-73.0114935
Oslo,,Norway,59.9133301,10.7389701
France,,Europe,48.8787706,2.3222823
Vlaanderen,,Belgie,51.0962462,4.1786291
Pondicherry,,India,10.9156489,79.8069488
Bangkok,,Thailand,13.7524938,100.4935089
Basel,,Switzerland,47.5581077,7.5878261
Managua,,Nicaragua,12.1544035,-86.2737642
Herzberg am Harz,,Deutschland,51.6565219,10.3428415
Troy,MI,USA,42.6055893,-83.1499304
Rapperswil-Jona,,Switzerland,47.2298277,8.8596509
Melbourne,Victoria,Australia,-37.8142454,144.9631732
Russia,,Saint-Petersburg,59.9606739,30.1586551
Napier,,New Zealand,-39.4902099,176.917839
Warner Robins,GA,USA,32.6200973,-83.606568
Sevenoaks,,England United Kingdom,51.2745218,0.1961166
Odesa,,Ukraine,46.4843023,30.7322878
Passaic,NJ,United States,41.0461864,-74.3177933
Dallas,TX,United States,32.7762719,-96.7968559
Myrtle Beach,SC,USA,33.6956461,-78.8900409
Durham,,UK,54.666667,-1.75
Westfield,NJ,United States,40.651726,-74.3483059
Duisburg,,Germany,51.434999,6.759562
Chantada,,Spain,42.6096223,-7.7705862
Birmingham,MI,United States,42.5467012,-83.2113192
Montreal,QC,Canada,45.5031824,-73.5698065
Hartford,CT,USA,41.764582,-72.6908547
Zug,,Switzerland,47.1486137,8.5539378
Dhaka,Dhaka Division,Bangladesh,23.7643863,90.3890144
Navarre,FL,USA,30.4019789,-86.8700821
Oklahoma City,OK,USA,35.4729886,-97.5170536
Bellevue,WA,USA,47.6144219,-122.192337
Medellin,,Colombia,6.2697324,-75.6025597
Tiburon,California,USA,37.8775332,-122.460808
Lincoln,NE,United States,40.8088861,-96.7077751
Durham,NC,USA,35.996653,-78.9018053
Santa Clara,CA,USA,37.3541132,-121.955174
Peoria,IL,USA,40.6938609,-89.5891008
Pleasant Hill,CA,USA,37.9479786,-122.0607963
Guadalajara,,Spain,40.7399963,-2.50593
Batavia,NY,USA,42.9980144,-78.1875515
Bat Yam,,Israel,32.0154565,34.7505283
Nairobi,,Kenya,-1.3026148,36.828842
Milan,Metropolitan City of Milan,Italy,45.4641943,9.1896346
Bassersdorf,,Switzerland,47.4435706,8.6299131
Surrey,,Canada,49.1913033,-122.849143
Stuart,FL,USA,27.197983,-80.2519175
Tampa,FL,USA,27.9477595,-82.458444
Gothenburg,,Sweden,57.7072326,11.9670171
Fredericton,,Canada,45.963233,-66.6432356
Augsburg,,Germany,48.3690341,10.8979522
Goa,,India,15.3004543,74.0855134
Beaumont,Texas,USA,30.0829344,-94.0984277
Winterville,NC,United States,35.5282267,-77.4022447
Long Island City,NY,USA,40.7455316,-73.9484995
Tallahassee,FL,USA,30.4380832,-84.2809332
Market Weighton,,United Kingdom,53.8561845,-0.6702829
Winchester,,United Kingdom,51.0612766,-1.3131692
Sivas,,Turkey,39.4191717,37.1012388
Coimbatore,,India,11.0018115,76.9628425
El Affroun,,Algeria,36.46975,2.6267421
Pasadena,CA,United States,34.1476507,-118.144155
Poznan,,Poland,52.4006632,16.9197326
Baltimore,Maryland,USA,39.2908816,-76.610759
Wellington,,New Zealand,-41.2887953,174.7772114
Visakhapatnam,,India,17.6935526,83.2921297
Hoboken,NJ,USA,40.7433066,-74.0323752
Henderson,NV,USA,36.0319843,-114.9822486
Miami,FL,United States,25.7741728,-80.19362
Anacortes,WA,USA,48.516844,-122.6125717
Kyiv,,Ukraine,50.4500336,30.5241361
Seville,,Spain,37.3886303,-5.9953403
Verona,,Italy,45.4424977,10.9857377
Turnhout,,Belgium,51.3286495,4.9295943
Guildford,,United Kingdom,51.2356068,-0.5732063
Glasgow,,UK,55.861155,-4.2501687
Toledo,OH,USA,41.6529143,-83.5378173
Apex,NC,USA,35.7325352,-78.8505516
Brooklyn,NY,United States,40.6526006,-73.9497211
Kiel,Schleswig-Holstein,Germany,54.3227085,10.135555
Philadelphia,PA,United States,39.9527237,-75.1635262
Ann Arbor,MI,United States,42.2813722,-83.7484616
Hansville,Washington,United States,47.916723,-122.5738626
Zhaoqing,Guangdong,China,23.0501661,112.4603629
New York City,New York,USA,40.7127281,-74.0060152
Cluj-Napoca,,Romania,46.769379,23.5899542
Columbia,MD,USA,39.1938429,-76.8646092
Guwahati,,India,26.1805978,91.753943
Norwich,,UK,52.6285576,1.2923954
Bremen,,Germany,53.0758196,8.8071646
Szczecin,,Poland,53.4296809,14.5929127
Valencia,,Spain,39.4697065,-0.3763353
SF Bay Area,CA,USA,37.6171949,-122.3810622
Detroit,MI,USA,42.3315509,-83.0466403
Riga,,Latvia,56.9493977,24.1051846
Beijing,Peking,China,39.9057136,116.3912972
Vaasa,,Finland,63.0957722,21.6159187
Vancouver,,BC,49.2608724,-123.113952
Stuttgart,,Deutschland,48.7784485,9.1800132
Round Rock,TX,USA,30.5085915,-97.6788056
Boulder,CO,United States,40.0149856,-105.270545
Knoxville,TN,USA,35.9603948,-83.9210261
Peachtree City,GA,United States,33.3975472,-84.5898256
Tehran,,Iran,35.6892523,51.3896004
Costa Mesa,CA,United States,33.6633386,-117.903317
Walldorf,,Germany,49.3038134,8.6433518
Oxford,,UK,51.7520131,-1.2578499
Lakeville,MN,USA,44.650051,-93.2432791
Cary,NC,USA,35.7882893,-78.7812081
Pasadena,MD,USA,39.155816,-76.5528831
Mohali,Punjab,India,30.7041168,76.7176885
West Chester,PA,United States,39.9597213,-75.6059638
Co Kerry,,Ireland,52.1453345,-9.5174011
Leuven,,Belgium,50.879202,4.7011675
Hyderabad,Andhra Pradesh,India,15.8141912,78.0268285
Hangzhou,,China,30.2489634,120.2052342
Niceville,FL,USA,30.5168639,-86.482172
Algiers,,Algeria,36.7729333,3.0588445
Hubei,,China,39.0000001,116
Bristol,,United Kingdom,51.4538022,-2.5972985
Surrey,,United Kingdom,51.2715316,-0.3414524
Chandigarh,,India,30.7334421,76.7797143
Arlington,VA,USA,38.8769326,-77.0893094
Linkoping,,Sweden,58.4098135,15.6245252
Washington,DC,United States,38.8950368,-77.0365427
Bergen,,Norway,60.3943055,5.3259192
Fishers,IN,USA,39.9555928,-86.0138729
Atlanta,GA,United States,33.7489924,-84.3902644
Pisa,,Italy,43.4714722,10.6797912
Chengdu,,China,30.6598628,104.0633717
Belfast,,United Kingdom,54.5975804,-5.9277097
Jeddah,,Saudi Arabia,21.5504432,39.1742363
Chennai,,South India,12.9521755,80.1860309
Durham,NC,United States,35.996653,-78.9018053
Bratislava,,Slovakia,48.1516988,17.1093063
Guelph,,Canada,43.5460516,-80.2493276
Oakland,CA,USA,37.8044557,-122.271356
Thessaloniki,,Greece,40.6403167,22.9352716
Norman,OK,USA,35.2225717,-97.4394816
Joinville,,Brazil,-26.3044898,-48.8486726
Bordeaux,,France,44.841225,-0.5800364
New Milford,CT,USA,41.5770993,-73.4105803
Heidelberg,,Germany,49.4093582,8.694724
Bad Rappenau,,Germany,49.2393031,9.101268
Avon Lake,OH,United States,41.510033,-82.0185895
Tiruppur,,India,10.7915267,77.5325466
Ellicott City,MD,USA,39.2757359,-76.8317417
Reykjavik,,Iceland,64.145981,-21.9422367
Cuiaba,,Brazil,-15.5986686,-56.0991301
Manchester,NH,USA,42.9956397,-71.4547891
Belarus,,Minsk,53.9024716,27.5618225
Taranto,TA,Italy,40.4712427,17.2432278
Spokane,WA,USA,47.6571934,-117.42351
Darmstadt,,Germany,49.8851869,8.6736295
New Haven,CT,USA,41.3082138,-72.9250518
Rockville,MD,USA,39.0817985,-77.1516844
Durban,,South Africa,-29.861825,31.009909
Saint Paul,MN,USA,44.9497487,-93.0931028
Washington D.C.,DC,USA,38.8950368,-77.0365427
Boise,ID,United States,43.6166163,-116.200886
Groningen,,Netherlands,53.2190652,6.5680077
Thane,,India,19.1943294,72.9701779
Kuopio,,Finland,62.8924601,27.6781839
Grand Rapids,MI,USA,42.9632425,-85.6678639
Krakow,,Poland,50.0619474,19.9368564
Tallinn,,Estonia,59.4372155,24.7453688
New York City,NY,USA,40.7127281,-74.0060152
Aktau,,Kazakhstan,43.6353364,51.168222
Corvallis,OR,United States,44.5645659,-123.2620435
St. Thomas,VI,USA,18.3429081,-64.9188997
Kennesaw,GA,United States,34.0234337,-84.6154897
Lund,,Sweden,55.7029296,13.1929449
Yerevan,,Armenia,40.1777112,44.5126233
Madison,WI,United States,43.074761,-89.3837613
Russia,,Moscow,55.625578,37.6063916
NYC,NY,United States,40.7127281,-74.0060152
Quebec,,Canada,52.4760892,-71.8258668
Wednesbury,,UK,52.5521806,-2.0224441
Leipzig,,Germany,51.3406321,12.3747329
Kansas City,MO,USA,39.100105,-94.5781416
Wuhan,,China,30.5951051,114.2999353
Huntington Station,NY,USA,40.8472369,-73.4036319
Ankara,,Turkey,39.9207759,32.8540497
Efrat,,Israel,31.2699956,34.7716851
Bhilai Nagar,,India,21.2011836,81.3352266
Frankfurt am Main,,Deutschland,50.1106444,8.6820917
South Tyrol,,Italy,46.6559455,11.2302129
La Paz,,Bolivia,-16.4955455,-68.1336229
Delft,,the Netherlands,52.0114017,4.35839
Englewood,CO,USA,39.6482059,-104.9879641
Broomfield,CO,USA,39.9403995,-105.05208
Saint Petersburg,Florida,USA,27.7700475,-82.6359078
NY,NY,USA,40.7269813,-73.7093369
Baltimore,MD,United States,39.2908816,-76.610759
Cracow,,Poland,50.0469432,19.9971534
England,,UK,52.5310214,-1.2649062
Provo,UT,USA,40.2337289,-111.6587085
Rennes,,France,48.1113387,-1.6800198
Houston,Texas,USA,29.7589382,-95.3676974
West Lafayette,IN,USA,40.4258686,-86.9080655
Bentonville,AR,USA,36.3728538,-94.2088172
Bandung,West Java,Indonesia,-6.9215529,107.6110212
Gaithersburg,MD,United States,39.1399187,-77.1929215
Kaunas,,Lithuania,54.8982139,23.9044817
Everett,WA,USA,47.9793437,-122.2127011
Porto,,Portugal,41.1494512,-8.6107884
Vancouver,BC,Canada,49.2608724,-123.113952
Oakland,TN,USA,35.228976,-89.5150764
Madison,WI,USA,43.074761,-89.3837613
Knoxville,TN,United States,35.9603948,-83.9210261
Oakville,,Canada,43.447436,-79.666672
Eindhoven,,Netherlands,51.4392648,5.478633
Tehran,Tehran Province,Iran,35.6892523,51.3896004
Santa Clara,CA,United States,37.3541132,-121.955174
Dnipro,,Ukraine,51.5567163,30.6121981
Harrisburg,PA,USA,40.2663107,-76.8861122
Medina,OH,USA,41.1000764,-81.9382517
Rotterdam,,Netherlands,51.9244424,4.47775
Muenster,,Germany,51.9625101,7.6251879
Queens,New York,USA,40.7135078,-73.8283132
Stuttgart,,Germany,48.7784485,9.1800132
Overland Park,KS,United States,38.9742502,-94.6851702
Sandersville,MS,United States,31.7865478,-89.0322762
Mayfair,,London,51.5110872,-0.147058
Temecula,CA,USA,33.4946353,-117.147366
Freiburg im Breisgau,,Germany,47.9960901,7.8494005
Gouritsmond,,South Africa,-34.349722,21.878611
Athens,Central Athens,Greece,37.9929071,23.7200787
Phuket,,Thailand,7.9366015,98.3529292
Kihei,HI,United States,20.7476261,-156.4549898
Nancy,,France,48.6937223,6.1834097
Kansas City,MO,United States,39.100105,-94.5781416
Orlando,FL,United States,28.5421109,-81.3790304
Loveland,CO,USA,40.3977612,-105.07498
Zagreb,,Croatia,45.8130967,15.9772795
Bengaluru,Karnataka,India,12.9881567,77.6226
Silicon Valley,California,USA,37.4429964,-122.1545229
Larisa,Larissa,Greece,39.6383092,22.4160706
San Francisco Bay Area,CA,USA,37.7884969,-122.3558473
Stockholm,,Sverige,59.3251172,18.0710935
La Plata,,Argentina,-34.9206797,-57.9537638
Kochi,,India,9.9679032,76.2444378
Auckland,,New Zealand,-36.852095,174.7631803
Como,,Italy,45.9394759,9.1494101
Leipzig,,Deutschland,51.3406321,12.3747329
Alpharetta,GA,USA,34.0709576,-84.2747329
Naples,Florida,USA,26.1421976,-81.7942944
Brooklyn,AL,USA,31.3129461,-86.1710596
Newcastle upon Tyne,,United Kingdom,54.9738474,-1.6131572
Linyi,,China,35.1032403,118.3506988
Dehiwala,,Sri Lanka,6.8512785,79.8659769
Corunna,,Spain,43.3709703,-8.3959425
Kuala Lumpur,,Malaysia,3.1526589,101.7022205
Himachal Pradesh,,India,31.9292352,77.1828462
Merced,CA,United States,37.1641544,-120.7678602
Mumbai,Maharashtra,India,19.054999,72.8692035
Tucson,AZ,USA,32.2228765,-110.974847
Baton Rouge,LA,USA,30.4494155,-91.1869659
Nova Scotia,,Canada,45.1960403,-63.1653789
Ecole Polytechnique,,Paris,48.846451,2.3499292
St. Petersburg,FL,USA,27.7700475,-82.6359078
Orcutt,CA,United States,34.8650717,-120.4366904
London,,uk,51.4893335,-0.1440551
Bendigo,Victoria,Australia,-36.7590183,144.2826718
Allen,TX,United States,33.1031744,-96.6705503
Lima,,Peru,-12.0621065,-77.0365256
Banaras,,India,25.3356491,83.0076292
Vigo,,Spain,42.2376602,-8.7247205
New Delhi,Delhi,India,28.6430858,77.2192671
Baltimore,MD,USA,39.2908816,-76.610759
Manila,,Philippines,14.5904492,120.9803621
England,,Cumbria,54.6143136,-2.9420899
Woking,,United Kingdom,51.3201891,-0.5564726
Patna,,India,25.6093239,85.1235252
Royal Holloway,,University of London,51.4244496,-0.5642561
Odense,,Denmark,55.3997225,10.3852104
Columbus,Ohio,USA,39.9622601,-83.0007065
Green,OH,USA,40.9468077,-81.4670631
Lausanne,,Switzerland,46.5218269,6.6327025
Spring Green,WI,USA,43.1769367,-90.0680478
Lancaster,Pennsylvania,USA,40.0379958,-76.3056707
Warsaw,,PL,52.2337172,21.0714322
Heidelberg,,Deutschland,49.4093582,8.694724
San Diego,California,USA,32.7174202,-117.162772
Anchorage,Alaska,USA,61.2163129,-149.894852
Colorado Springs,CO,USA,38.8339578,-104.825348
London,,Regno Unito,51.4893335,-0.1440551
San Francisco Peninsula,CA,United States,37.5338023,-122.3970102
Marina del Rey,CA,USA,33.9776848,-118.448647
Erfurt,,Germany,50.9777974,11.0287364
Dorado,,Puerto Rico,18.4317317,-66.2796684
The Hague,,Netherlands,52.0799838,4.3113461
St. Catharines,ON,Canada,43.1579812,-79.2441003
Sardinia,,Italy,40.0912813,9.0305773
Chandler,AZ,United States,33.3062031,-111.841185
Cedar Falls,IA,USA,42.5361805,-92.447758
Guadalajara,,Mexico,20.6720375,-103.338396
Bethesda,MD,USA,38.9812725,-77.1233587
Bruxelles,,Belgique,50.8465573,4.351697
Canea,,Greece,35.5120831,24.0191544
Tanta,,Egypt,30.7833666,30.9982536
Herndon,VA,USA,38.9695316,-77.3859479
Brno,,Czechia,49.1922443,16.6113382
Gainesville,FL,USA,29.6519684,-82.3249846
Novi Sad,,Serbia,45.2551338,19.8451756
Evanston,IL,USA,42.0470043,-87.6846053
Cologne,,Deutschland,50.938361,6.959974
Prior Lake,MN,USA,44.7133271,-93.4226873
Aarhus,,Denmark,56.1496278,10.2134046
Toronto,,Ontario,43.6534817,-79.3839347
Finksburg,MD,USA,39.4928811,-76.8894232
Stony Brook,NY,United States,40.908482,-73.1325471
Fairport,NY,USA,43.0993,-77.443014
Oxford,Ohio,USA,39.5103048,-84.7420519
Cairo,,Egypt,30.0443879,31.2357257
Baton Rouge,LA,United States,30.4494155,-91.1869659
Yale University,CT,USA,41.2571305,-72.9896696
Trondheim,,Norge,63.4304475,10.3952118
Surat,Gujarat,India,21.2094892,72.8317058
Aberdeen,,UK,57.1482429,-2.0928095
Maryland,,U.S.,39.5162401,-76.9382069
Texarkana,Texas,USA,33.4466745,-94.0771483
Cornell University,NY,USA,42.4529076,-76.4800842
Trento,Province of Trento,Italy,45.8910055,12.3041375
belbroughton,,uk,52.3909581,-2.1189561
Faro,,Portugal,37.0162727,-7.9351771
Breda,,Netherlands,51.5887845,4.7760237
Richmond,VA,United States,37.5385087,-77.43428
Varese,,Italy,45.8397203,8.7541338
Nantes,,France,47.2186371,-1.5541362
Wroclaw,,Poland,51.1089776,17.0326689
Marbella,,Spain,36.508976,-4.88562
Birmingham,AL,United States,33.5206824,-86.8024326
Bellevue,WA,United States,47.6144219,-122.192337
Taipei,,Taiwan,25.0375198,121.5636796
Lund,,Sverige,55.7029296,13.1929449
Winnipeg,MB,Canada,49.8955367,-97.1384584
Swansea,,United Kingdom,51.6195955,-3.9459248
Cascais,,Portugal,38.6968919,-9.4204495
Alpharetta,GA,United States,34.0709576,-84.2747329
Munich,,Deutschland,48.1371079,11.5753822
Sussex,,UK,50.9445139,-0.0622673
Pensacola,FL,United States,30.421309,-87.2169149
Konstanz,,Germany,47.659216,9.1750718
Pulaski,VA,United States,37.0580572,-80.7297289
Tunis,,Tunisia,36.8002068,10.1857757
Hong-Kong,,Hong Kong,22.2793278,114.1628131
York,,United Kingdom,53.9656578,-1.0743052
Palmyra,PA,USA,40.3088578,-76.5932369
IIT Kanpur,,India,26.5093058,80.2482323
Kelowna,BC,Canada,49.8879177,-119.495902
Poitiers,,France,46.5802596,0.340196
Casablanca,,Morocco,33.5945144,-7.6200284
Kortrijk,,Belgium,50.8276429,3.2659884
Ermelo,,The Netherlands,52.2858356,5.6549386
Long Beach,CA,USA,33.7690164,-118.191604
Boituva,,Brazil,-23.2838893,-47.6738231
Bozeman,Montana,USA,45.6794293,-111.044047
Columbia,AL,USA,31.2928122,-85.1115416
Redding,CA,USA,40.5863563,-122.391675
Torbay,NL,Canada,47.6576953,-52.726986
Bengaluru,Mandya,Mysore India,12.3847891,76.6668785
Cincinnati,OH,United States,39.1014537,-84.5124602
Manchester,,UK,53.4794892,-2.2451148
Noida,Uttar Pradesh,India,28.5706333,77.3272147
South Florida,FL,USA,28.0599999,-82.4138362
Jervis Bay,NSW,Australia,-35.0566595,150.7262017
Baijing,,China,37.8213372,113.8079416
Dundee,,UK,56.4605938,-2.97019
Monza,MB,Italia,45.5834418,9.2735257
Mangalore,,India,12.8698101,74.8430082
Newcastle,,United Kingdom,54.9738474,-1.6131572
Pune,Maharashtra,India,18.5213738,73.8545071
Waterloo,ON,Canada,43.4652699,-80.5222961
Almaty,,Kazakhstan,43.2363924,76.9457275
Royal Oak,MI,USA,42.4894801,-83.1446485
Hong Kong Island,,Hong Kong,22.2793278,114.1628131
Krugersdorp,,South Africa,-26.095556,27.775556
Otego,NY,USA,42.3973023,-75.1735017
Aruppukkottai,,India,9.5073229,78.0958971
Porsgrunn,,Norway,59.103735,9.7363538
Butler,nj,United States,41.0037087,-74.3415394
Belo Horizonte,,Brazil,-19.9227318,-43.9450948
Rio de Janeiro,,Brasil,-22.9110137,-43.2093727
Vancouver,WA,United States,45.6306954,-122.6744557
Braga,,Portugal,41.5510583,-8.4280045
Orlando,Florida,USA,28.5421109,-81.3790304
Church Hill,TN,USA,36.5223207,-82.7134921
San Francisco,California,USA,37.7792588,-122.4193286
North Rhine-Westphalia,,Deutschland,51.4789205,7.5543751
Mainz,,Germany,49.9995205,8.2736253
Omaha,NE,United States,41.2587459,-95.9383758
New Forest,,United Kingdom,50.8557268,-1.5956844
Berlin,,Niemcy,52.510885,13.3989367
Hanna,WY,USA,41.8699858,-106.5620727
Bengaluru,,India,12.9881567,77.6226
Rheden,,Netherlands,52.0313669,6.0605043
Raleigh,NC,United States,35.7803977,-78.6390989
Scarsdale,NY,United States,40.9880495,-73.7974133
Christchurch,Canterbury,New Zealand,-43.5399227,172.6078498
Port Orchard,Washington,USA,47.5315625,-122.6384056
Amboy,IL,USA,41.7141997,-89.3287061
Izmir,,Turkey,38.23166,27.02997
Serbia,,Belgrade,44.8178131,20.4568974
Accra,,Ghana,5.5571096,-0.2012376
Shrirampur,,India,22.7549951,88.3416672
New York City,NY,United States,40.7127281,-74.0060152
Oak Park,CA,USA,34.1792025,-118.7619719
Udine,,Italy,46.0634632,13.2358377
Leland,NC,United States,34.236434,-78.0040029
Calgary,,AB,51.0456064,-114.057541
Halifax,,Canada,44.648618,-63.5859487
West Chicago,IL,USA,41.8847507,-88.2039607
Gatineau,,Canada,45.4277659,-75.710976
Belfast,,UK,54.5975804,-5.9277097
Mumbai,,Maharashtra,19.054999,72.8692035
Turkey,Antalya,Alanya,36.8865728,30.7030242
United States,California,USA,34.2727885,-119.2609533
East Peoria,IL,USA,40.666149,-89.5800978
Santa Monica,CA,United States,34.0194704,-118.491227
Stanford,California,USA,37.4265407,-122.1703055
Pleasanton,CA,USA,37.6624312,-121.8746789
Waterloo,,Canada,43.4652699,-80.5222961
Beer Sheva,,Israel,31.2457442,34.7925181
New York,,NYC,40.7127281,-74.0060152
Oeiras,,Portugal,38.6925777,-9.3123076
Penang,,Malaysia,5.4065013,100.2559077
Bogota,,Colombia,4.7110053,-74.0720857
Santiago de Compostela,,Spain,42.8804219,-8.5458608
Lyon,,France,45.7578137,4.8320114
Tallahassee,Florida,USA,30.4380832,-84.2809332
Lille,,France,50.6365654,3.0635282
Ulsan,,South Korea,35.5391697,129.3119136
Dubai,,UAE,25.0742823,55.1885387
Phoenix,Arizona,USA,33.4484367,-112.074141
Thrissur,,India,10.5270099,76.214621
Chisinau,,Moldova,47.0245117,28.8322923
Leon,,Spain,42.5989995,-5.5682413
Georgia,,Tbilisi,41.6934591,44.8014495
East Setauket,NY,USA,40.919085,-73.0963408
Irving,TX,USA,32.8295183,-96.9442177
Potsdam,,Germany,52.4009309,13.0591397
Patiala,,India,30.2092777,76.3397231
Santa Barbara,CA,USA,34.4221319,-119.702667
Whistler,BC,Canada,50.1171903,-122.9543022
Rosemead,CA,USA,34.0676169,-118.0879763
Trondheim,,Norway,63.4304475,10.3952118
Aalborg,,Denmark,57.0462626,9.9215263
Mission,TX,USA,26.2159066,-98.3252932
St. Cloud,MN,USA,45.5616075,-94.1642004
Palestine,,Gaza,31.4690337,34.3994215
Worcester,MA,USA,42.2625621,-71.8018877
Scotland,,UK,56.7861112,-4.1140518
Kildare,,Ireland,53.1568465,-6.9117199
Ottawa,,ON,45.4208777,-75.6901106
Hilo,HI,USA,19.6854458,-155.1003754
Taipei City,,Taiwan,25.0384808,121.562009
Cincinnati,OH,USA,39.1014537,-84.5124602
Amsterdam,,Nederland,52.3730796,4.8924534
Quezon City,,Philippines,14.6510546,121.0486254
Houghton,MI,USA,46.8591287,-88.7774734
Houston,TX,United States,29.7589382,-95.3676974
Chapeco,,Brazil,-27.0922364,-52.6166878
Xi'an,Shaanxi,China,34.261004,108.9423363
Nashua,NH,United States,42.7656251,-71.4677032
Northern California,CA,USA,37.7863764,-122.4291882
Santa Barbara,CA,United States,34.4221319,-119.702667
Jakarta,,Indonesia,-6.1754049,106.827168
Amman,,Jordan,31.9515694,35.9239625
Wiesbaden,,Germany,50.0820384,8.2416556
Granite Bay,CA,United States,38.762173,-121.1850057
NEW York,,new york,40.7127281,-74.0060152
Karwar,Karnataka,India,14.8120931,74.1319229
Annapolis,MD,United States,38.9786401,-76.492786
Hamilton Township,NJ,United States,40.2113211,-74.6858335
Port St. Lucie,FL,USA,27.2939333,-80.3503283
Galicia,,Spain,42.61946,-7.863112
Northern Illinois University,IL,USA,41.9370934,-88.7826784
New Orleans,LA,USA,29.9759983,-90.0782127
Minas Gerais,,Brazil,-18.5264844,-44.1588654
Ukraine,,Kyiv,50.4500336,30.5241361
Stavanger,,Norway,58.9699675,5.7318101
Brisbane,Queensland,Australia,-27.4689623,153.0235009
Brooklyn,New York,USA,40.6526006,-73.9497211
Des Moines,IA,USA,41.5868654,-93.6249494
Elk Grove,California,United States,38.4087993,-121.3716178
Varna,,Bulgaria,43.2052135,27.8602025
Gurgaon,Haryana,India,28.4646148,77.0299194
Jamshedpur,Jharkhand,India,22.8015194,86.2029579
Ithaca,NY,United States,42.4374175,-76.5483724
Bethesda,MD,United States,38.9812725,-77.1233587
Cape Town,Western Cape,South Africa,-33.9288301,18.4172197
Cebu,,Philippines,10.47,123.83
Nashville,TN,United States,36.1622767,-86.7742984
Rochester,NY,USA,43.157285,-77.615214
Los Gatos,CA,USA,37.226611,-121.9746797
Zelenograd,Moscow,Russia,55.991971,37.214241
Syracuse,IN,USA,41.4278409,-85.7524957
Hannover,,Deutschland,52.3744779,9.7385532
Greenwich,CT,United States,41.0264862,-73.6284598
Denver,Colorado,USA,39.7392364,-104.984862
Fargo,ND,USA,46.877229,-96.789821
Sinaloa,,Mexico,25.0000001,-107.5000001
Newcastle,New South Wales,Australia,-32.9192953,151.7795348
Eagle,CO,USA,39.6161124,-106.7172844
Rijswijk,,Netherlands,52.0446265,4.3188215
Grand Rapids,MI,United States,42.9632425,-85.6678639
Hannover,,Germany,52.3744779,9.7385532
St Petersburg,Saint Petersburg,Russia,59.938732,30.316229
Sthlm,,Sverige,59.3251172,18.0710935
Karachi,Sindh,Pakistan,24.8546842,67.0207055
Hampden,Maine,USA,44.7445159,-68.836982
Indianapolis,IN,USA,39.7683331,-86.1583502
Waltham,MA,USA,42.3756401,-71.2358004
Essex,,United Kingdom,51.7704679,0.4646698
Jersey City,NJ,United States,40.7215682,-74.047455
British Columbia,,Canada,55.001251,-125.002441
Prague,,Czechia,50.0874654,14.4212535
Washington,D.C.,USA,38.8950368,-77.0365427
Woodinville,WA,USA,47.7545827,-122.1588902
Campinas,,Brazil,-22.9056391,-47.059564
Teaneck,NJ,United States,40.8860164,-74.0072568
Lucknow,,India,26.8381,80.9346001
Bologna,BO,Italia,44.4938203,11.3426327
Maynooth,,Ireland,53.3830239,-6.5922806
Albuquerque,NM,United States,35.0841034,-106.650985
Vijayawada,,India,16.5115306,80.6160469
Newcastle,Newcastle upon Tyne,United Kingdom,54.9683364,-1.616046
Pilani,Rajasthan,India,28.3622661,75.6042342
Silicon Valley,CA,USA,37.4429964,-122.1545229
Rochester,NY,United States,43.157285,-77.615214
Manchester,,England,53.4794892,-2.2451148
TLV,,Israel,32.0027142,34.8809193
Lusaka,,Zambia,-15.4163395,28.2818414
Jaipur,Rajasthan,India,26.9154576,75.8189817
Ahmedabad,,India,23.0215374,72.5800568
new york,new york,united states,40.7127281,-74.0060152
Kensington,London,UK,51.4989948,-0.1991229
Berlin,,Deutschland,52.510885,13.3989367
Tunja,Boyaca,Colombia,5.5324313,-73.3616014
Durban,KwaZulu-Natal,South Africa,-29.861825,31.009909
Kharagpur,West Bengal,India,22.34309,87.3012875
Fresno,CA,USA,36.7394421,-119.78483
Marina,CA,United States,36.6844029,-121.802173
Waco,TX,USA,31.5491899,-97.1474628
South Bend,IN,USA,41.6833813,-86.2500066
Gurugram,Haryana,India,28.4646148,77.0299194
Wakefield,MA,USA,42.506484,-71.0728306
Santo Domingo,,Dominican Republic,18.4801972,-69.942111
San Juan,,Puerto Rico,18.384239,-66.05344
Fort Worth,TX,United States,32.753177,-97.3327459
St Paul,MN,United States,44.9497487,-93.0931028
Franklin,TN,USA,35.925206,-86.8689419
Westport,CT,USA,41.1414855,-73.3578955
Frankfurt am Main,,Germany,50.1106444,8.6820917
Johannesburg,Gauteng,South Africa,-26.205,28.049722
Torun,,Poland,53.0145361,18.5965831
Fort Lee,NJ,United States,40.8509333,-73.9701382
Williamsburg,VA,USA,37.2708788,-76.7074042
Washington,District of Columbia,United States,38.8950368,-77.0365427
Villa Lugano,Capital Federal,Argentina,-34.6741532,-58.4776892
Remote,OR,USA,43.0059455,-123.8925908
Malaga,,Spain,36.7213028,-4.4216366
Maracay,Aragua,Venezuela,10.2375144,-67.5890216
Andover,MA,United States,42.65717,-71.1408776
Alsea,OR,United States,44.3815098,-123.5964942
Whitby,ON,Canada,43.87982,-78.9421751
Stillwater,OK,United States,36.1156306,-97.0585717
Spring Hill,FL,United States,28.483576,-82.5338633
Morristown,NJ,United States,40.7970382,-74.4809868
Novi Sad,,Vojvodina,45.2551338,19.8451756
Syracuse,NY,USA,43.0481221,-76.1474244
Saskatoon,SK,Canada,52.131802,-106.660767
Valjevo,,Serbia,44.2708719,19.8863297
Weirton,WV,United States,40.4002396,-80.5899788
Noida,,India,28.5706333,77.3272147
Cairo,Cairo Governorate,Egypt,30.0443879,31.2357257
Hangzhou,Zhejiang,China,30.2489634,120.2052342
Coventry,,UK,52.4081812,-1.510477
Navi Mumbai,Maharashtra,India,19.0308262,73.0198537
Sacramento,CA,United States,38.5810606,-121.493895
Clemson,SC,USA,34.6850749,-82.8364111
Erie,PA,USA,42.1294712,-80.0852695
Horsens,,Denmark,55.8611696,9.8444774
Great Falls,MT,United States,47.5048851,-111.29189
San Francisco,California,United States,37.7792588,-122.4193286
Annville,PA,USA,40.3295901,-76.515226
Uttar Pradesh,,India,27.1303344,80.859666
Baku,,Azerbaijan,40.3755885,49.8328009
Rio,,Brazil,-22.9110137,-43.2093727
NYC,NY,USA,40.7127281,-74.0060152
Charleston,SC,United States,32.7884363,-79.9399309
Needham,MA,United States,42.2802645,-71.2360624
Moratuwa,,Sri Lanka,6.7746821,79.8826095
Orange County,CA,United States,33.750631,-117.8722311
Ederen,Linnich,Germany,50.9465527,6.2479486
Schwyz,,Switzerland,47.0571976,8.7222073
Ciudad de Buenos Aires,,Argentina,-34.6083696,-58.4440583
SF,CA,United States,37.7792588,-122.4193286
Florence,,Italia,43.7697955,11.2556404
Zemun,,Serbia,44.8444,20.4123996
Reading,,United Kingdom,51.4514953,-0.9836342
Stockholm,,Stockholm Sweden,59.3251172,18.0710935
Jodhpur,Rajasthan,India,26.2967719,73.0351433
Fayetteville,AR,USA,36.0625843,-94.1574328
Montreal,Quebec,Canada,45.5031824,-73.5698065
Bremerton,WA,United States,47.5653663,-122.6246836
Londres,,Royaume-Uni,51.4893335,-0.1440551
Thionville,,France,49.3579272,6.1675872
Florence,,Italy,43.7697955,11.2556404
Fremont,CA,United States,37.5482697,-121.988571
Quebec City,QC,Canada,46.8137431,-71.2084061
Redwood City,CA,United States,37.4863239,-122.232523
Barguna,Barisal Division,Bangladesh,22.1313358,90.1172431
Sarajevo,,Bosnia and Herzegovina,43.8519774,18.3866868
Magdeburg,,Deutschland,52.1315889,11.6399609
Elora,,Canada,43.681148,-80.429581
State College,PA,United States,40.7944504,-77.8616386
Londres,,Reino Unido,51.4893335,-0.1440551
Rotterdam,,The Netherlands,51.9244424,4.47775
Haarlem,,Netherlands,52.3837058,4.6435597
Venezia,VE,Italia,45.4371908,12.3345898
Rouen,,France,49.4404591,1.0939658
Banbury,,United Kingdom,52.0601807,-1.3402795
Indore,,India,22.7203616,75.8681996
Osaka,,Japan,34.6937569,135.5014539
Hamburg,,Deutschland,53.550341,10.000654
Kirlampudi,Andhra Pradesh,India,17.1977075,82.1416891
Lagos,,Nigeria,6.4550575,3.3941795
Tabriz,,Iran,38.0738612,46.2978789
Stanford,CA,United States,37.427467,-122.1702445
Brambleton,VA,United States,38.980908,-77.5397667
Kurnool,Andhra Pradesh,India,15.8309251,78.0425373
Florida,Fl,USA,27.25,-81.25
Winterthur,,Schweiz,47.4991723,8.7291498
BC,,Canada,55.001251,-125.002441
Monterrey,,Mexico,25.6802019,-100.315258
Oxnard,CA,USA,34.1976308,-119.180381
Reno,NV,USA,39.5261206,-119.8126581
Abbiategrasso,,Italy,45.398733,8.9162299
West Midlands,,United Kingdom,52.505432,-1.9646782
Issaquah,WA,United States,47.5348778,-122.043297
Gettysburg,PA,United States,39.8308973,-77.231012
Foster City,CA,United States,37.5600336,-122.2688522
Belo Horizonte - MG,,Brasil,-19.9227318,-43.9450948
London,,Canada,42.9832406,-81.243372
Albuquerque,NM,USA,35.0841034,-106.650985
Rio de Janeiro - RJ,,Brasil,-22.9110137,-43.2093727
Southern California,CA,United States,33.9510011,-118.2062682
Brooksville,FL,United States,28.5552719,-82.3878709
Emsland,,Deutschland,52.7590373,7.4564975
Naperville,IL,United States,41.7728699,-88.1479278
St. Petersburg,FL,United States,27.7700475,-82.6359078
Warszawa,,Poland,52.2337172,21.0714322
Denver,CO,United States,39.7392364,-104.984862
Turin,TO,Italy,45.0677551,7.6824892
Lombardy,,Italy,45.5703694,9.7732524
Billings,MT,United States,45.7874957,-108.49607
Space Coast,FL,United States,28.5142066,-80.7990149
Kathmandu,,Nepal,27.708317,85.3205817
Richmond,CA,United States,37.9357576,-122.347748
Medford,NJ,United States,39.9009472,-74.8234961
Beirut,Beirut Governorate,Lebanon,33.8892265,35.5025585
Dayton,OH,United States,39.7589478,-84.1916069
Northville,MI,United States,42.4310816,-83.4832339
Reading,PA,United States,40.335345,-75.9279495
Colgone,,Germany,50.9682126,7.0114234
Brighton Park,Bristol,United Kingdom,51.4618915,-2.564166
North Wales,,UK,53.2149362,-4.1841488
Frankfurt,,Deutschland,50.1106444,8.6820917
Leon,,Mexico,21.121965,-101.6829766
Hochiminh City,,VIetnam,10.7238881,106.7313051
Wuhan,Hubei,China,30.5951051,114.2999353
Wilmington,DE,United States,39.7459468,-75.546589
Mannheim,,Germany,49.4892913,8.4673098
Wilton,NH,United States,42.8427232,-71.736772
Mannheim,,Deutschland,49.4892913,8.4673098
Benin city. Edo state,,Nigeria.,6.3330586,5.6221058
Hadley,MA,United States,42.3423259,-72.5891221
Mason,OH,USA,39.3600586,-84.309939
Kent,OH,United States,41.1513108,-81.3578047
Tehachapi,CA,USA,35.1321878,-118.4489739
Barcelona,,Espanya,41.3825802,2.177073
Seoul,,Korea,37.5666791,126.9782914
Petaling Jaya,,Malaysia,3.0988792,101.6454202
Marina del Rey,CA,United States,33.9776848,-118.448647
Lviv,Lviv Oblast,Ukraine,49.841952,24.0315921
Bytom,,Polska,50.3470387,18.9231857
Kyiv city,,Ukraine,50.4462474,30.520873
Genk,,Belgium,50.9654864,5.5001456
Rotterdam,,Nederland,51.9244424,4.47775
Digos City,Davao Region,Philippines,6.7440957,125.3555319
Parigi,,Francia,48.8588897,2.320041
Darjeeling,West Bengal,India,27.0377554,88.263176
Skokie,IL,United States,42.0262972,-87.7521069
Plano,TX,United States,33.0136764,-96.6925096
Fort Lauderdale,FL,United States,26.1223084,-80.1433786
Hamar,,Norway,61.0014937,11.1647964
University of Manchester,,United Kingdom,53.4660226,-2.2330858
Ontario,,Canada,50.000678,-86.000977
Itaperuna - RJ,,Brasil,-21.215816,-41.879813
Redmond,WA,United States,47.6694141,-122.1238767
Kurukshetra,Haryana,India,29.9693747,76.8482787
Koblenz,,Germany,50.3533278,7.5943951
Troy,AL,United States,31.8087678,-85.969951
Birmingham,AL,USA,33.5206824,-86.8024326
Islamabad,Islamabad Capital Territory,Pakistan,33.6938118,73.0651511
Bern,,Switzerland,46.9484742,7.4521749
Manipal,Karnataka,India,13.3519723,74.7870308
The Peak,,United Kingdom,54.9156076,-1.6487072
San Francisco,California,EE. UU.,37.7792588,-122.4193286
Dortmund,,Deutschland,51.5142273,7.4652789
North Wales,,United Kingdom,53.2149362,-4.1841488
Reston,VA,USA,38.953282,-77.3464516
Olympia,WA,United States,47.0451022,-122.8950075
St. Louis,MO,United States,38.6280278,-90.1910154
Corrientes,,Argentina,-28.9956512,-57.812458
City of London,,UK,51.5156177,-0.0919983
Regensburg,,Germany,49.0195333,12.0974869
HCMC,,Vietnam,10.7763897,106.7011391
Mahwah,NJ,USA,41.0887072,-74.1437552
Ulm,,Germany,48.3984968,9.9912458
Cairo Governorate,,Egypt,30.0332516,31.5621651
Bloomington,IL,USA,40.4797828,-88.9939147
Kansas City,Missouri,USA,39.100105,-94.5781416
Essen,,Deutschland,51.4582235,7.0158171
Saint Louis,MO,United States,38.6280278,-90.1910154
Sunnyvale,CA,United States,37.3688301,-122.036349
London,,Royaume-Uni,51.5074456,-0.1277653
Swansea,,UK,51.6195955,-3.9459248
Santa Clara,California,USA,37.3541132,-121.955174
Toronto,Ontario,Canada,43.6534817,-79.3839347
Overland Park,KS,USA,38.9742502,-94.6851702
Twenterand,,Netherlands,52.439304,6.6354276
Bielefeld,,Deutschland,52.0191005,8.531007
Lehi,UT,USA,40.3881114,-111.8486019
East Lansing,MI,USA,42.7320307,-84.4721678
Ramat Gan,,Israel,32.0686867,34.8246812
Spring,TX,USA,30.0795707,-95.4187924
Hoboken,NJ,United States,40.7433066,-74.0323752
Torino,TO,Italia,45.0677551,7.6824892
Gaya,Bihar,India,24.6793889,85.0115833
Klang,Selangor,Malaysia,3.0448394,101.4447363
Aalborg,,Danmark,57.0462626,9.9215263
Long Island,NY,USA,40.851497,-73.0994297
Piqua,OH,USA,40.1447732,-84.2424449
Fortaleza,,Brazil,-3.7304512,-38.5217989
San Jose,CA,United States,37.3361663,-121.890591
Bishkek,,Kyrgyzstan,42.8777895,74.6066926
Tochigi-ken,,Japan,36.6782167,139.8096549
Guangzhou,Guangdong,China,23.1301964,113.2592945
New Orleans,LA,United States,29.9759983,-90.0782127
Buenos Aires,,Argenina,-38.7794999,-62.1430569
Adelaide,,SA,-34.9281805,138.5999312
Dob,,Slovenia,46.1510617,14.6259829
Mauritius,,Port Louis,-20.1624522,57.5028044
Bristol,,UK,51.4538022,-2.5972985
Framingham,MA,USA,42.2773177,-71.4165905
Bariloche,,Argentina,-41.1334781,-71.3101474
Manchester,NH,United States,42.9956397,-71.4547891
Francoforte,,Germania,50.1106444,8.6820917
Des Moines,IA,United States,41.5868654,-93.6249494
Coimbatore,Tamil Nadu,India,11.0018115,76.9628425
Bozeman,MT,United States,45.6794293,-111.044047
Karaj,Alborz Province,Iran,35.8224892,50.9904681
Plymouth,,United Kingdom,50.3714122,-4.1424451
Tampa,FL,United States,27.9477595,-82.458444
Bloomfield Hills,MI,USA,42.583645,-83.2454883
Randers,,Danmark,56.4355428,10.0425957
Murfreesboro,TN,USA,35.8460396,-86.3921096
Potchefstroom,North West,South Africa,-26.707778,27.095833
Indore,Madhya Pradesh,India,22.7203616,75.8681996
Panama City,,Panama,8.9714493,-79.5341802
Dunedin,Otago,New Zealand,-45.875364,170.5091745
Buffalo,New York,United States,42.8867166,-78.8783922
Brno,,Czech Republic,49.1922443,16.6113382
Accra,Greater Accra Region,Ghana,5.5571096,-0.2012376
Jakarta Raya,,Indonesia,-6.188342,106.8822098
Hayward,CA,United States,37.6688205,-122.080796
Vicenza,,Italy,45.6348591,11.4063543
Columbus,OH,United States,39.9622601,-83.0007065
New York City,New York,United States,40.7127281,-74.0060152
Manhattan,KS,United States,39.1836082,-96.5716694
Boise,Idaho,USA,43.6166163,-116.200886
Sedona,AZ,USA,34.8688613,-111.7614394
Kiel,,Deutschland,54.3227085,10.135555
Nagpur,Maharashtra,India,21.1498134,79.0820556
Mogi Mirim,SP,Brasil,-22.433123,-46.958246
Coventry,,United Kingdom,52.4081812,-1.510477
Flagstaff,AZ,USA,35.1987522,-111.651822
Cranston,RI,USA,41.779588,-71.4366813
Russiaville,IN,United States,40.4175374,-86.2713849
Lubbock,TX,USA,33.5855677,-101.8470215
Nairobi,Nairobi County,Kenya,-1.2832533,36.8172449
Londra,,Regno Unito,51.5074456,-0.1277653
Reading,,UK,51.4514953,-0.9836342
Phoenix,AZ,United States,33.4484367,-112.074141
Indianapolis,IN,United States,39.7683331,-86.1583502
Mansfield,TX,United States,32.563487,-97.1420308
Forest Row,,United Kingdom,51.1030703,0.0422749
Ukraine,,Dnipro,51.5567163,30.6121981
Gouda,,Netherlands,52.0114922,4.7106094
Santa Fe,NM,USA,35.6876096,-105.938456
Xi'an JiaoTong University,,China,31.2757194,120.7354789
Harbin,Heilongjiang,China,45.7593633,126.6276177
Madrid,,Espanha,40.4167047,-3.7035825
London,,UK.,51.5074456,-0.1277653
Astana,,Kazakhstan,51.1159933,71.4677059
Las Vegas,NV,United States,36.171697,-115.1463536
Greater Noida,Uttar Pradesh,India,28.4670734,77.5137649
St Gallen,,Switzerland,47.425618,9.3762397
Mount Holly,NJ,United States,39.9928898,-74.7876624
Arlington,TX,USA,32.7355816,-97.1071186
Ottawa,ON,Canada,45.4208777,-75.6901106
Newry,,United Kingdom,54.1775283,-6.337506
Dubai,,United Arab Emirates,25.0742823,55.1885387
Salem,Tamil Nadu,India,11.6469616,78.2106958
Isfahan,Isfahan Province,Iran,32.6707877,51.6650002
Kent,,UK,51.2070748,0.7210362
Kozhikode,Kerala,India,11.2450558,75.7754716
NRW,,Deutschland,51.4789205,7.5543751
Pardes Hanna-Karkur,,Israel,32.475041,34.9761087
Toulon,,France,43.1257311,5.9304919
White Plains,NY,United States,41.0339862,-73.7629097
Waltham,MA,United States,42.3756401,-71.2358004
Aachen,,Germany,50.776351,6.083862
Tashkent,,Uzbekistan,41.3123363,69.2787079
Cleveland,Ohio,USA,41.4996574,-81.6936772
Panaji,,Goa,15.4989946,73.8282141
Oujda,Oriental,Maroc,34.677874,-1.929306
Makati City,Metro Manila,Philippines,14.5567949,121.0211226
Ridgefield,CT,USA,41.2814842,-73.4981792
Nenagh,County Tipperary,Ireland,52.861944,-8.196667
Sorocaba,SP,Brasil,-23.5003451,-47.4582864
Gainesville,FL,United States,29.6519684,-82.3249846
Opole,,Polska,50.6787929,17.9298844
Craiova,,Romania,44.3190159,23.7965614
Orsay,,France,48.699184,2.187457
Colombo,,Sri Lanka,6.9388614,79.8542005
Warszawa,,Polska,52.2337172,21.0714322
Kreuzlingen,,Switzerland,47.6464362,9.1725621
Dayton,OH,USA,39.7589478,-84.1916069
Brighton,CO,USA,39.983721,-104.8110775
Lancaster,,United Kingdom,54.0484068,-2.7990345
Darwin,Northern Territory,Australia,-12.46044,130.8410469
Sioux Falls,SD,USA,43.5476008,-96.7293629
Huntington Beach,CA,USA,33.6783336,-118.000016
Kampala,Central Region,Uganda,0.3177137,32.5813539
Tarragona,,Spain,41.1172364,1.2546057
Barcelona,Barcelona,Spain,41.3825802,2.177073
Rosenheim,,Deutschland,47.8539273,12.127262
Karlsruhe,,Deutschland,49.0068705,8.4034195
Saxony,,Germany,50.9295798,13.4585052
Odense,,Danmark,55.3997225,10.3852104
Nottingham,,UK,52.9534193,-1.1496461
Wilmington,DE,USA,39.7459468,-75.546589
New York,Nueva York,EE. UU.,40.7127281,-74.0060152
Ghaziabad,Uttar Pradesh,India,28.7749966,77.4586967
New Braunfels,TX,USA,29.7028266,-98.1257348
Doha,,Qatar,25.2856329,51.5264162
Lubbock,TX,United States,33.5855677,-101.8470215
Amoy,,China,24.5438732,118.0768065
Regensburg,,Deutschland,49.0195333,12.0974869
Shenzhen,Guangdong,China,22.5445741,114.0545429
Swindon,,UK,51.5615327,-1.7854322
Ulan Bator,Ulaanbaatar,Mongolia,47.9081991,106.8838584
Detroit,MI,United States,42.3315509,-83.0466403
Nowhere,,NA,-21.3738913,13.7819526
Medellin,Antioquia,Colombia,6.2697324,-75.6025597
Bari,Metropolitan City of Bari,Italy,45.4392551,9.1486102
Tel Aviv-Yafo,,Israel,32.0852997,34.7818064
Edmonton,AB,Canada,53.5462055,-113.491241
Zagreb,,Hrvatska,45.8130967,15.9772795
Ljubljana,,Slovenija,46.0500268,14.5069289
Guatemala City,,Guatemala,14.6416142,-90.5132836
Joao Pessoa,,Brazil,-7.1215981,-34.882028
Shanghai City,,China,31.2323437,121.4691024
Tulsa,OK,USA,36.1563122,-95.9927516
Milovice,,Czechia,50.2259601,14.8886322
Fredericksburg,VA,USA,38.3031837,-77.4605399
San Mateo,CA,United States,37.496904,-122.3330573
Central,,Hong Kong,22.2818286,114.1582784
Agia Paraskevi,,Greece,38.0066759,23.8226942
Ansonia,CT,USA,41.3429922,-73.0787468
Nuremberg,,Germany,49.453872,11.077298
Saitama,,Japan,35.9754168,139.4160114
Austin,Texas,United States,30.2711286,-97.7436995
Departamento de Maldonado,,Uruguay,-31.4163832,-64.1274462
Hamilton,ON,Canada,43.2560802,-79.8728583
Foster City,CA,USA,37.5600336,-122.2688522
Curitiba,PR,Brasil,-25.4295963,-49.2712724
Berkeley,California,USA,37.8708393,-122.272863
Pernambuco,,Brazil,-8.4116316,-37.5919699
Shelton,WA,USA,47.2150945,-123.100706
Lincoln,NE,USA,40.8088861,-96.7077751
Cochin,Kerala,India,9.9679032,76.2444378
Kuala Lumpur,Federal Territory of Kuala Lumpur,Malaysia,3.1516964,101.6942371
Tabriz,East Azerbaijan Province,Iran,38.0718124,46.2280994
Santo Domingo,Distrito Nacional,Dominican Republic,18.4801972,-69.942111
Tehran Province,,Iran,35.4834401,51.4104624
Bretagne,,France,48.2640845,-2.9202408
Fort Worth,TX,USA,32.753177,-97.3327459
Tampere,,Finland,61.4980214,23.7603118
Polokwane,,South Africa,-23.9058333,29.4613889
Necochea,,Argentina,-38.5545494,-58.7392624
Johns Creek,GA,United States,34.0181557,-84.190196
Sisak,,Hrvatska,45.4891806,16.374592
Rocky Hill,CT,USA,41.6648216,-72.6392587
Ernakulam,Kerala,India,9.9837257,76.2740001
Sarasota,FL,United States,27.3365805,-82.5308545
France,,Angers,47.4739884,-0.5515588
Kennesaw,GA,USA,34.0234337,-84.6154897
Timisoara,,Romania,45.7538355,21.2257474
Raipur,Chhattisgarh,India,21.2380912,81.6336993
Oakland,CA,United States,37.8044557,-122.271356
Denver,Colorado,United States,39.7392364,-104.984862
Eugene,OR,USA,44.0505054,-123.0950506
Mandi,Himachal Pradesh,India,31.6516617,77.0092542
Sichuan,,China,30.5000001,102.4999999
Antwerp,,Belgium,51.2211097,4.3997081
India,,Mumbai,19.054999,72.8692035
Trivandrum,Kerala,India,8.4882267,76.947551
Golden,CO,USA,39.7546349,-105.22058
Seaham,,United Kingdom,54.8372106,-1.3355612
Waukesha,WI,United States,43.0622536,-88.3123889
Pohnpei,,Federated States of Micronesia,6.8870467,158.2406138
Wolfsburg,,Deutschland,52.4205588,10.7861682
Roorkee,Uttarakhand,India,29.8693496,77.8902124
Oxfordshire,,United Kingdom,51.833333,-1.25
Eersel,,Netherlands,51.3933291,5.3413526
Greenwich,CT,USA,41.0264862,-73.6284598
Victoria,BC,Canada,48.4283182,-123.364953
Guangdong,,China,23.1357694,113.1982688
Jacksonville,FL,United States,30.3321838,-81.655651
Kowloon,,Hong Kong,22.3049255,114.1616003
Troy,NY,United States,42.7284117,-73.6917878
Palo Alto,California,United States,37.4443293,-122.1598465
Peking,,China,40.190632,116.412144
Novo Hamburgo,,Brasil,-29.6905705,-51.1429035
Den Haag,,Netherlands,52.0749456,4.2696802
Brea,CA,United States,33.9170444,-117.888855
Marebbe,BZ,Italia,46.648879,12.0270407
kbh,,Danmark,55.6867243,12.5700724
Kerala,,India,10.3528744,76.5120396
Moncton,NB,Canada,46.0985679,-64.8004265
Avola,SR,Italia,36.9095158,15.1350006
Aarhus,,Danmark,56.1496278,10.2134046
Oxford,,Regno Unito,51.7520131,-1.2578499
Honolulu,HI,United States,21.304547,-157.855676
Portugal,,Europe,45.4107784,-1.1462837
Hubli,Karnataka,India,15.3518378,75.1379848
Lugano,,Suisse,46.0050102,8.9520281
Palermo,PA,Italia,38.1112268,13.3524434
Gujarat,,India,22.3850051,71.745261
Namakkal,Tamil Nadu,India,11.3033889,78.118604
Rajkot,Gujarat,India,22.3053263,70.8028377
East Palo Alto,CA,USA,37.4688273,-122.141075
Aligarh,Uttar Pradesh,India,27.8761073,78.1358153
Blagoevgrad,,Bulgaria,41.750287,23.4873411
Aracaju,,Brazil,-10.9162061,-37.0774655
Lisboa,,Portugal,38.7077507,-9.1365919
Silver Spring,MD,USA,38.9997621,-77.0240371
Ludhiana,Punjab,India,30.9090157,75.851601
Londen,,Verenigd Koninkrijk,51.4893335,-0.1440551
Fremont,CA,USA,37.5482697,-121.988571
Lake Worth,FL,United States,26.615891,-80.0691435
Milwaukee,WI,United States,43.0386475,-87.9090751
Harrisburg,PA,United States,40.2663107,-76.8861122
Rijeka,,Croatia,45.3267976,14.442208
Guwahati,Assam,India,26.1805978,91.753943
Brahmapur,Odisha,India,19.3098134,84.7971562
Stony Brook,NY,USA,40.908482,-73.1325471
Basingstoke,,United Kingdom,51.262826,-1.0861976
Monument,CO,USA,39.0916586,-104.872758
Scotts Valley,CA,USA,37.0510595,-122.014684
Cebu City,Cebu,Philippines,10.3285605,123.9008849
Suluova,Amasya,Turkey,40.8523035,35.6330562
Campinas - SP,,Brasil,-22.9056391,-47.059564
North Bergen,NJ,USA,40.8042674,-74.012084
Berlin,,Tyskland,52.510885,13.3989367
Chicago,,IL.,41.8755616,-87.6244212
Brewster County,TX,USA,29.8462742,-103.2400734
Lugano,,Switzerland,46.0050102,8.9520281
Da Nang,,Vietnam,16.068,108.212
Kyoto,,Japan,35.0115754,135.7681441
Hong Kong,,China,22.350627,114.1849161
Glendale,CA,USA,34.1469416,-118.2478471
Delft,,Netherlands,52.0114017,4.35839
Birmingham,,UK,52.4796992,-1.9026911
Kochi,Kerala,India,9.9679032,76.2444378
Tehran Province,Tehran,Iran,35.6877195,51.4396385
Beaumont-en-Auge,,France,49.2782545,0.1109445
Taipei City,,Taipei City Taiwan,25.037517,121.5644506
South Bay,California,USA,33.819003,-118.3460364
Athens,GA,United States,33.9597677,-83.376398
Palmetto,FL,USA,27.5214269,-82.5723193
Queens,NY,USA,40.7135078,-73.8283132
Lorient,,France,47.7477336,-3.3660907
Porto Alegre,,Brazil,-30.0324999,-51.2303767
Liverpool,,UK,53.4071991,-2.99168
Fortaleza - CE,,Brasil,-3.7304512,-38.5217989
Manlius,NY,USA,43.0020107,-75.9768632
Hanover,,Germany,52.3744779,9.7385532
AB,,Canada,55.001251,-115.002136
Plymouth,,UK,50.3714122,-4.1424451
Recife - PE,,Brasil,-8.0584933,-34.8848193
Irvine,CA,United States,33.6856969,-117.825981
Colombo,Western Province,Sri Lanka,6.9388614,79.8542005
Little Rock,AR,USA,34.7465071,-92.2896267
New Hope,PA,USA,40.3642728,-74.9512785
Maasmechelen,,Belgium,50.9634179,5.6960212
Hidalgo,,Mexico,20.5,-99
Halifax,NS,Canada,44.648618,-63.5859487
Yuseong-gu,Daejeon,South Korea,36.3620732,127.3564099
Nova Lima,MG,Brasil,-19.9854089,-43.8470691
Lombard,IL,United States,41.8864687,-88.0201536
Tianjin,,China,39.3032619,117.4163641
Chongqing,,China,30.05518,107.8748712
Kaohsiung City,,Taiwan,22.630583,120.3438175
Bad Sachsa,,Germany,51.5963629,10.5534235
Maui,HI,United States,20.8029568,-156.3106833
Karaj,,Iran,35.8224892,50.9904681
Tuscaloosa,AL,USA,33.2095614,-87.5675258
West Bengal,,India,22.9964948,87.6855882
Savannah,Georgia,USA,32.0790074,-81.0921335
Copenhagen,,Danmark,55.6867243,12.5700724
Moscow,ID,USA,46.7323875,-117.000165
Brea,CA,USA,33.9170444,-117.888855
Montgomery,AL,United States,32.37742,-86.3091683
Glasgow,,Wielka Brytania,55.861155,-4.2501687
Salem,OR,USA,44.9391565,-123.033121
Buckinghamshire,,United Kingdom,51.840894,-0.8998074
American Fork,UT,United States,40.3768064,-111.7959146
Warsaw,,Polska,52.2337172,21.0714322
Trier,,Deutschland,49.7596208,6.6441878
Columbia,MO,USA,38.951883,-92.3337366
Raglan,Waikato,New Zealand,-37.7997729,174.8682464
Casablanca,,MOROCCO,33.5945144,-7.6200284
Petaluma,CA,USA,38.2325829,-122.636465
Dresden,,Germany,51.0493286,13.7381437
Bonn,,Germany,50.7352621,7.1024635
Fribourg,,Switzerland,46.8055656,7.1612669
Bolzano,BZ,Italia,46.4984781,11.3547399
Junagadh,Gujarat,India,21.5220416,70.4582458
Porto Alegre - RS,,Brasil,-30.0324999,-51.2303767
Alexandria,LA,United States,31.3119463,-92.4453558
Brescia,BS,Italia,45.5398022,10.2200214
Texas,,North America,33.0826713,-96.8426732
Yorba Linda,CA,USA,33.8901096,-117.8249705
Seattle,Washington,USA,47.6038321,-122.330062
Birmingham,,United Kingdom,52.4796992,-1.9026911
Paris,,Frankreich,48.8588897,2.320041
Chicago,Illinois,USA,41.8755616,-87.6244212
Qingdao,Shandong,China,36.0663249,120.3777659
York,,UK,53.9656578,-1.0743052
Edinburgh,,UK,55.9533456,-3.1883749
Peking University,Beijing,China,40.1733653,116.15722
South Bend,IN,United States,41.6833813,-86.2500066
Langenselbold,,Germany,50.1780814,9.04333
Metro Vancouver,,Canada,49.2618661,-122.9555509
Ahmadi,Al Ahmadi Governorate,Kuwait,29.0890687,48.0610236
Savannah,GA,USA,32.0790074,-81.0921335
Laurelwood,OR,United States,45.4227662,-123.0801069
Sheffield,,UK,53.3806626,-1.4702278
Kingston,,Jamaica,17.9712148,-76.7928128
Provo,Utah,USA,40.2337289,-111.6587085
New York,,Munich,48.1827239,11.5727786
Denton,TX,United States,33.1838787,-97.1413417
Sioux Falls,SD,United States,43.5476008,-96.7293629
Spencer,MA,United States,42.2436316,-71.9934879
Bursa,,Turkey,39.9895878,28.8944669
Netanya,,Israel,32.3286181,34.8566246
Tandil,Buenos Aires,Argentina,-37.3282887,-59.1356957
Ilmenau,,Deutschland,50.6867695,10.9142385
Victoria,,BC Canada,48.4283182,-123.364953
Roswell,GA,USA,34.02332,-84.360022
Campinas,SP,Brasil,-22.9056391,-47.059564
Nice,,France,43.7009358,7.2683912
Speyer,,Deutschland,49.3165553,8.433615
Larchmont,NY,United States,40.9278769,-73.7517983
Gainesville,Florida,USA,29.6519684,-82.3249846
Omaha,Nebraska,USA,41.2587459,-95.9383758
Burbank,CA,USA,34.1812089,-118.307201
Los Altos,CA,USA,37.3790629,-122.116578
Reno,NV,United States,39.5261206,-119.8126581
Kungsbacka,,Sweden,57.466667,12.166667
Alameda,CA,USA,37.6090291,-121.899142
Ontario,CA,USA,34.065846,-117.64843
hz,,zj,13.2122439,-59.5195126
Cleveland,OH,United States,41.4996574,-81.6936772
Douala,,Cameroon,4.0429389,9.7062018
Brussels Hoofdstedelijk Gewest,,Belgique,50.8387951,4.3753041
Carrollton,TX,United States,32.9537349,-96.8902816
Galle,Southern Province,Sri Lanka,6.0328139,80.214955
Hong Kong,,Singapore,1.3167575,103.9016742
Turku,,Finland,60.4517531,22.2670522
Peshawar,,Pakistan,34.0123846,71.5787458
Ponte Vedra,FL,USA,30.2396865,-81.3856384
Rutland,VT,United States,43.6084792,-72.9724768
Madras,Tamil Nadu,Inde,13.0836939,80.270186
Taipei,,Republik Tiongkok,25.0375198,121.5636796
Vancouver,WA,USA,45.6306954,-122.6744557
Meridian,ID,USA,43.6086295,-116.392326
Reggio Emilia,RE,Italia,44.6978389,10.6304971
Kharkiv,Kharkiv Oblast,Ukraine,49.9923181,36.2310146
Tunis,,Tunisie,36.8002068,10.1857757
Jerteh,Terengganu,Malaysia,5.7381427,102.4971539
Urbana,IL,United States,40.1117174,-88.207301
Hastings,MN,USA,44.7426933,-92.8518697
Marseille,,France,43.2961743,5.3699525
China,,Chengdu,30.6598628,104.0633717
Novosibirsk,Novosibirsk Oblast,Russia,55.0288307,82.9226887
Huntsville,AL,United States,34.729847,-86.5859011
Herning,,Denmark,56.1379757,8.9746623
Kentfield,CA,USA,37.9458253,-122.5598368
Sabadell,,Barcelona,41.5421013,2.1138977
Hefei,Anhui,China,31.8665676,117.281428
Dublin,,Irlanda,53.3493795,-6.2605593
Bergamo,,Italy,45.7566557,9.7542192
Manhattan,NY,United States,40.7896239,-73.9598939
Rio de Janeiro,RJ,Brasil,-22.9110137,-43.2093727
Eatontown,NJ,USA,40.2962222,-74.0509725
Indian Land,SC,USA,35.0018151,-80.8556287
Kolkata,West-Bengal,India,22.5726459,88.3638953
Marathon,FL,USA,24.7137524,-81.0903512
Sophia Antipolis,,France,43.6195225,7.0518158
Marlboro,NJ,USA,39.4850245,-75.3211259
Casablanca,,Maroc,33.5945144,-7.6200284
Mexico City,CDMX,Mexico,19.4326296,-99.1331785
Boulogne-Billancourt,,France,48.8356649,2.240206
Austin,Texas,Estados Unidos,30.2711286,-97.7436995
Guadalajara,Jalisco,Mexiko,20.6720375,-103.338396
Southern California,CA,USA,33.9510011,-118.2062682
Cincinnati,Ohio,USA,39.1014537,-84.5124602
Shipley,,UK,53.8321814,-1.7779777
Durg,Chhattisgarh,India,21.1982964,81.4007922
Bonn,,Deutschland,50.7352621,7.1024635
Palatine,IL,United States,42.1105779,-88.0336888
Akron,OH,USA,41.083064,-81.518485
Deerfield,IL,USA,42.1711365,-87.8445119
Issaquah,WA,USA,47.5348778,-122.043297
Capital Federal,CABA,Argentina,-34.6083696,-58.4440583
Slovenska Bistrica,,Slovenia,46.391944,15.5727757
Toulouse,,France,43.6044622,1.4442469
Rivne,,Ukraine,51.2074112,26.5208033
Jalandhar,Punjab,India,31.2922311,75.5678878
Hatfield,,UK,51.7634675,-0.2258741
Wakefield,,United Kingdom,53.6829541,-1.4967286
White Plains,NY,USA,41.0339862,-73.7629097
Potomac,MD,USA,39.0180508,-77.1956331
Bosques,Buenos Aires,Argentina,-34.819518,-58.2301025
Golden,Colorado,USA,39.7546349,-105.22058
Jyvaskyla,,Finland,62.2417066,25.7495727
Cern,,Switzerland,46.234169,6.051404
Miami,Florida,United States,25.7741728,-80.19362
Salvador,BA,Brasil,-12.9822499,-38.4812772
Herzliya,,Israel,32.1656255,34.8469023
Lucknow,Uttar Pradesh,India,26.8381,80.9346001
Fort Lauderdale,FL,USA,26.1223084,-80.1433786
Mysore,Karnataka,India,12.3051828,76.6553609
Limerick,,Ireland,52.661252,-8.6301239
Bamenda,,Cameroon,5.9614117,10.1516505
Khammam,Telangana,India,17.2465351,80.1500326
Randburg,Gauteng,South Africa,-26.0915852,28.0020276
Ferozepur Cantt,Punjab,India,30.9282528,74.6287351
Letchworth Garden City,,UK,51.9803536,-0.2289056
Kirovohrad,,Ukraine,48.1916774,31.6902953
San Jose,California,USA,37.3361663,-121.890591
Alexandria Governorate,,Egypt,30.9432983,29.765645
Bexley,OH,United States,39.9692378,-82.936864
Ouagadougou,,Burkina Faso,12.3681873,-1.5270944
Hanoi,,Vietnam,21.0283334,105.854041
beijing,,china,40.190632,116.412144
Tenerife,,Spain,28.2935785,-16.6214471
London,,Reino Unido,51.5074456,-0.1277653
Freiburg,,Germany,47.9960901,7.8494005
Hollywood,FL,USA,26.0112014,-80.1494901
Ciudad Victoria,,Mexico,23.7389846,-99.1441352
Ranchi,Jharkhand,India,23.3700501,85.3250387
Long Island,NY,United States,40.851497,-73.0994297
Dordrecht,,Netherlands,51.7689546,4.6867891
Rocklin,CA,USA,38.7907339,-121.2357828
Cheltenham,,United Kingdom,51.8995685,-2.0711559
Richmond,,UK,51.4405529,-0.3076394
Malda,West Bengal,India,25.0057449,88.1398483
Massachusetts Institute of Technology,MA,USA,42.3582529,-71.0966272
Santa Catarina,,Brazil,-27.0628367,-51.114965
Milton Keynes,,United Kingdom,52.0406502,-0.7594092
Kitchener,ON,Canada,43.451291,-80.4927815
Rabat,,Maroc,34.0218454,-6.8408929
Shiraz,Fars Province,Iran,29.6060218,52.5378041
Ardsley,NY,USA,41.0106531,-73.8437452
Bologna,Metropolitan City of Bologna,Italy,45.5341495,9.1852528
Oran,,Algeria,35.7044415,-0.6502981
Neuilly sur seine,,France,48.884683,2.2695658
Ericeira,,Portugal,38.9632411,-9.4170802
Metro Atlanta,GA,United States,33.7551766,-84.4059925
Defiance,Ohio,USA,41.3203058,-84.5084835
Jinan,,China,36.6519754,117.1138479
Quimper,,France,47.9960325,-4.1024782
Beirut,,Lebanon,33.8892265,35.5025585
Los Mochis,,Mexico,25.7928058,-108.990188
Eindhoven,,Nederland,51.4392648,5.478633
Apeldoorn,,Netherlands,52.1795738,5.9300775
Abu Dhabi,,UAE,24.4538352,54.3774014
Carlsbad,CA,USA,33.1580933,-117.3505966
Silverspring,MD,USA,38.9960874,-77.0241238
Evansville,IN,USA,37.970495,-87.5715641
Willimantic,CT,USA,41.7121364,-72.2147434
Richardson,TX,USA,32.9481789,-96.7297206
Derbyshire,,United Kingdom,53.1185033,-1.5566179
University of California Davis,CA,USA,38.5337904,-121.7907544
Agadir,,Morocco,30.4205162,-9.5838532
Arona,NO,Italia,45.7598366,8.5604081
Trento,,Italia,46.1029536,11.1297425
Stoneham,MA,United States,42.4802635,-71.0993581
Limerick Township,PA,USA,40.2326625,-75.5337637
Warangal,,India,17.9820644,79.5970954
Spring Hope,NC,USA,35.9451536,-78.1119345
Tyrone,GA,USA,33.4713249,-84.5972005
Brunswick,Lower Saxony,Germany,52.2646577,10.5236066
Torino,TO,Italy,45.0677551,7.6824892
Kelowna,,Canada,49.8879177,-119.495902
Phnom Penh,,Cambodia,11.5730391,104.857807
Freetown,,Sierra Leone,8.479004,-13.26795
Miami Shores,FL,USA,25.8631515,-80.1928253
Round Rock,Texas,United States,30.5085915,-97.6788056
Paramaribo,,Suriname,5.8241764,-55.1662813
Bhubaneswar,Odisha,India,20.2602964,85.8394521
Sangli,Maharashtra,India,17.1726928,74.5867654
Lawrence,KS,United States,38.9719137,-95.2359403
Logan,UT,USA,41.7313063,-111.834914
Holland,MI,USA,42.7876022,-86.1090828
Carmel,IN,USA,39.9784186,-86.1283681
Lebanon,NJ,USA,40.6417683,-74.8359987
Perth Amboy,NJ,USA,40.5200187,-74.2745215
Roma,RM,Italia,41.8933203,12.4829321
Vijayawada,,Andhra Pradesh,16.5115306,80.6160469
Tallahassee,FL,US,30.4380832,-84.2809332
Miami,Florida,USA,25.7741728,-80.19362
Sapporo,Hokkaido,Japan,43.061936,141.3542924
Rome,RM,Italia,41.8933203,12.4829321
Los Angeles,California,USA,34.0536909,-118.242766
Zwolle,,Nederland,52.5089759,6.0943765
PI,,Italia,43.4714722,10.6797912
Recife,PE,Brasil,-8.0584933,-34.8848193
Nanuet,NY,United States,41.1004345,-74.0155138
New Brunswick,NJ,USA,40.4951365,-74.4439254
Monroe,MI,USA,41.9153358,-83.5135665
Braunschweig,,Germany,52.2646577,10.5236066
Daugavpils,,Republic of Latvia,55.8712267,26.5159337
Wirral,,UK,53.3409714,-3.0500916
Shibuya,Tokyo,Japan,35.663676,139.6976754
Orange Beach,AL,USA,30.2943681,-87.5735935
Faridabad,Haryana,India,28.4031478,77.3105561
San Francisco Bay Area,CA,United States,37.7884969,-122.3558473
Dublin,GA,USA,32.5404447,-82.903754
Quebec,QC,Canada,46.8137431,-71.2084061
Ho Chi Minh,Ho Chi Minh City,Vietnam,10.7793647,106.6922806
Milano,Metropolitan City of Milan,Italy,45.4641943,9.1896346
College Station,TX,United States,30.6183939,-96.3455991
Ealing,London,UK,51.5126553,-0.3051952
London,,Storbritannien,51.5074456,-0.1277653
Brighton,,UK,50.8214626,-0.1400561
Versailles,,France,48.8035403,2.1266886
Hull,,United Kingdom,53.7623862,-0.3301214
Norwalk,IA,USA,41.4755492,-93.6788876
University College Cork,Cork,Ireland,51.8947384,-8.4903073
Montevideo,,Uruguay,-34.9058916,-56.1913095
Reims,,France,49.2577886,4.031926
Skokie,Illinois,USA,42.0262972,-87.7521069
Kalamazoo,MI,USA,42.291707,-85.5872286
Strasbourg,,France,48.584614,7.7507127
Madrid,Comunidad de Madrid,Spain,40.4167047,-3.7035825
Parker,CO,United States,39.5184514,-104.7612638
Ho Chi Minh City,Ho Chi Minh,Vietnam,10.7793647,106.6922806
Ottawa,Ontario,Canada,45.4208777,-75.6901106
Cork,,Ireland,51.8985136,-8.4726423
SF,CA,USA,37.7792588,-122.4193286
North Little Rock,AR,USA,34.769536,-92.2670941
Dublin,,Irlandia,53.3493795,-6.2605593
Luxembourg,,Luxembourg,49.6112768,6.129799
Russia,,Saint-Petersbourg,59.9606739,30.1586551
Menlo Park,CA,USA,37.4519671,-122.177992
Hamilton,,New Zealand,-37.7878809,175.281788
Freiburg im Breisgau,,Deutschland,47.9960901,7.8494005
Memphis,TN,USA,35.1460249,-90.0517638
Odense C,Odense,Danmark,55.3989897,10.3928218
Haldwani,Uttarakhand,India,29.2144809,79.5279012
Maplewood,NJ,USA,40.7312123,-74.2734808
Manzini,,Eswatini,-26.4976444,31.3750815
Dehradun,Uttarakhand,India,30.3255646,78.0436813
Ghent,,Belgium,51.0538286,3.7250121
Kanpur,Uttar Pradesh,India,26.4609135,80.3217588
Shiraz,Fars,Iran,29.6060218,52.5378041
Owasso,OK,United States,36.2659698,-95.8548557
Dhuy,,Belgium,50.5596814,4.8573789
London,ON,Canada,42.9832406,-81.243372
Gig Harbor,WA,USA,47.3259697,-122.5878659
Dhenkanal,Odisha,India,20.8351494,85.6022305
Nordrhein-Westfalen,,Deutschland,51.4789205,7.5543751
Blacksburg,VA,USA,37.2296566,-80.4136767
Silesia,,Polska,50.5687422,19.2343995
Karlstad,,Sverige,59.3809146,13.5027631
Boulder,Colorado,USA,40.0149856,-105.270545
Washington,,D.C.,38.8950368,-77.0365427
Columbus,Ohio,United States,39.9622601,-83.0007065
Shenzhen Guangdong,,China,22.5445741,114.0545429
Manila,NCR,Philippines,14.5904492,120.9803621
London,Ontario,Canada,42.9832406,-81.243372
Ho Chi Minh City,,Vietnam,10.7763897,106.7011391
Rajasthan,,India,26.8105777,73.7684549
Escondido,CA,USA,33.1216751,-117.0814849
Cordoba,,Argentina,-31.4166867,-64.1834193
California,,Stati Uniti,36.7014631,-118.755997
Stockton,CA,United States,37.9577016,-121.290779
Springfield,MO,USA,37.2081729,-93.2922715
Ashland,OH,United States,40.7887367,-82.2360391
San Diego,California,Estados Unidos,32.7174202,-117.162772
Chandigarh,Punjab,India,30.6741922,76.7909851
Tilburg,,Netherlands,51.5856184,5.0660616
St Andrews,,UK,56.3403902,-2.7955844
Kinshasa,,Democratic Republic of the Congo,-4.3217055,15.3125974
Gampaha,,Sri Lanka,7.1190247,79.9159876
Bayern,,Germany,48.9467562,11.4038717
Delft,,Nederland,52.0114017,4.35839
Pune,MH,India,18.5213738,73.8545071
Lakhimpur,Assam,India,27.1763356,94.1992932
Barcelona,,Espanha,41.3825802,2.177073
Esslingen am Neckar,,Deutschland,48.7427584,9.3071685
Juneau,AK,USA,58.3019496,-134.419734
Largo,FL,USA,27.9094665,-82.7873244
San Marino,CA,United States,34.1215947,-118.105739
beachtown,nc,USA,29.3197274,-94.7506214
Verona,NJ,USA,40.829822,-74.2401466
Hong Kong SAR,,China,22.350627,114.1849161
Woking,,UK,51.3201891,-0.5564726
Abuja,,Nigeria,9.0643305,7.4892974
Noord-Holland,,Netherlands,52.7212825,4.820665
Guadalajara,Jalisco,Mexico,20.6720375,-103.338396
D.C.,DC,USA,38.9007448,-77.0440189
Belo Horizonte,MG,Brasil,-19.9227318,-43.9450948
Montgomery,Texas,USA,30.301949,-95.5065944
Porto Alegre,RS,Brasil,-30.0324999,-51.2303767
America City,KS,USA,39.5736067,-96.0319404
Huntsville,AL,USA,34.729847,-86.5859011
Westchester County,NY,USA,41.1763139,-73.7907554
Durant,OK,USA,33.9919761,-96.3776762
Tempe,AZ,USA,33.4255117,-111.940016
Germany,,Berlin,52.510885,13.3989367
Chiang Mai,,Thailand,18.7882778,98.9858802
Hyderabad,Telangana,India.,17.360589,78.4740613
Orono,MN,USA,44.9713519,-93.6044033
Russia,,Volgograd,48.7081906,44.5153353
Kadapa,Andhra Pradesh,India,14.4752936,78.8216861
Twin Cities,MN,USA,44.9863392,-93.1794558
Escaldes-Engordany,,Andorra,42.486196,1.6037711
Vadodara,Gujarat,India,22.2973142,73.1942567
Tradescant Rd,London,UK,51.4785148,-0.1222606
Varanasi,Uttar Pradesh,India,25.3356491,83.0076292
Wijk bij Duurstede,,Netherlands,51.9751858,5.337435
Markham,Ontario,Canada,43.8563707,-79.3376825
Cambridge,Ontario,Canada,43.3600536,-80.3123023
Houma,LA,USA,29.5957696,-90.7195348
Weihai,,China,37.5120997,122.1152599
Old Trafford,,Manchester,53.4631095,-2.2913865
Moorpark,CA,USA,34.285558,-118.8820414
Panama City,FL,USA,30.1586518,-85.6602936
Austin,Texas,USA,30.2711286,-97.7436995
Harbin,,China,45.7593633,126.6276177
Sfax,,Tunisie,34.7394361,10.7604024
Gandhinagar,Gujarat,India,23.2232877,72.6492267
Sintra,,Portugal,38.79846,-9.3881
Thousand Oaks,CA,USA,34.1705609,-118.8375937
College Station,Texas,USA,30.6183939,-96.3455991
Embu,,Kenya,-0.5359479,37.6652884
Indonesia,,Jakarta,-6.1754049,106.827168
Newcastle upon Tyne,,UK,54.9738474,-1.6131572
Potsdam,,Deutschland,52.4009309,13.0591397
Dongguan,Guangdong Province,China,23.0205969,113.7457788
Kharkiv,,Ukraine,49.9923181,36.2310146
Chittagong,,Bangladesh,22.333778,91.8344348
Crestone,Colorado,USA,37.995443,-105.6991929
Twin Cities,Minnesota,USA,44.9863392,-93.1794558
Bellingham,WA,USA,48.7544012,-122.478836
Debrecen,,Hungary,47.531399,21.6259782
Milton Keynes,,UK,52.0406502,-0.7594092
Hatboro,PA,United States,40.1746252,-75.106825
Aachen,,Deutschland,50.776351,6.083862
Christchurch,,New Zealand,-43.530955,172.6364343
Bronx,NY,USA,40.8466508,-73.8785937
Bolzano,,Italy,46.6559455,11.2302129
Mississauga,ON,Canada,43.5896231,-79.6443879
Brasov,,Romania,45.6525105,25.6105654
Cork City,County Cork,Ireland,51.8897794,-8.4653846
Essex,,UK,51.7704679,0.4646698
Emden,,Germany,53.3670541,7.2058304
Satu Mare,,Romania,47.7891763,22.8725598
Clearwater,FL,USA,27.9658533,-82.8001026
Santa Cruz,Mumbai,India,19.0815223,72.8417565
Itabira,MG,Brasil,-19.6190169,-43.226248
Camas,WA,United States,45.5863014,-122.403277
Albuquerque,NM,US,35.0841034,-106.650985
Ipswich,,United Kingdom,52.0579324,1.1528095
Dalian,,China,39.740278,122.255833
Winterthur,,Switzerland,47.4991723,8.7291498
Jacksonville,Florida,USA,30.3321838,-81.655651
Abu Dhabi,,United Arab Emirates,24.4538352,54.3774014
Makrana,Rajasthan,India,27.0388103,74.7271171
Cracow,Malopolskie,Poland,50.0469432,19.9971534
Niederfischbach,,Deutschland,50.8575031,7.8812782
Dover Crescent,,Singapore,1.3073997,103.7826093
Roskilde,,Danmark,55.6433478,12.0819247
Remote,,India,17.4668554,78.4499355
Agra,Uttar Pradesh,India,27.1752554,78.0098161
Sivakasi,Tamil Nadu,India,9.45083,77.7976686
Colchester,,UK,51.8896903,0.8994651
Saint-Lambert,QC,Canada,45.5016203,-73.5102981
Riverton,UT,USA,40.5179761,-111.9393701
Bombay,Maharashtra,India,19.054999,72.8692035
Rockville,MD,United States,39.0817985,-77.1516844
Banglore,,India.,13.0240558,77.6240521
Bhubaneswar,,India,20.2602964,85.8394521
Bochum,,Deutschland,51.4818111,7.2196635
Apopka,FL,USA,28.6732806,-81.5116471
Wheat Ridge,CO,USA,39.766098,-105.0772063
Santa Ana,CA,United States,33.7494951,-117.873221
Beverly Hills,CA,USA,34.0696501,-118.3963062
Hayward Heath,,United Kingdom,51.5136072,-3.2048954
Essaouira,,Morocco,31.5118281,-9.7620903
Dhanbad,,India,23.7952809,86.4309638
Elkhart,IN,USA,41.6012796,-85.8590603
Victoria,,Canada,48.4283182,-123.364953
Genova,,Italy,44.40726,8.9338624
Leiden,,Netherlands,52.1594747,4.4908843
Caracas,Distrito Capital,Venezuela,10.5060934,-66.9146008
Davis,CA,USA,38.5435526,-121.739005
Aylmer,,Quebec,45.3950895,-75.8442452
Milan,,IT,45.4641943,9.1896346
Chatsworth,CA,USA,34.2572499,-118.6017022
Mulhouse,,France,47.7467233,7.3389937
Visakhapatnam,Andhra Pradesh,India,17.6935526,83.2921297
Batavia,IL,USA,41.8500284,-88.3125738
Baependi,Minas Gerais,Brazil,-21.9575733,-44.8891463
Miami Beach,FL,USA,25.7929198,-80.1353006
Verona,VR,Italia,45.4384958,10.9924122
Alexandria,Virginia,USA,38.8051095,-77.0470229
Ferrara,,Italy,44.7667642,11.827939
Canning,Buenos Aires,Argentina,-34.5990344,-58.4396927
Owings Mills,MD,USA,39.4148436,-76.7918234
Howrah,West Bengal,India,22.5736296,88.3251045
Beaverton,OR,USA,45.4871723,-122.80378
Thun,,Switzerland,46.7582827,7.628086
Bonaire,,Caribbean Netherlands,12.1540226,-68.2723318
Laguna,,Philippines,14.1696476,121.3336526
Jupiter,FL,USA,26.9342246,-80.0942087
bangalore,,india,12.9881567,77.6226
Bhopal,Madhya Pradesh,India,23.2584857,77.401989
UK,,Europe,51.5022348,-0.1779189
Gaborone,South-East District,Botswana,-24.6407835,25.9595857
Bhagalpur,Bihar,India,25.2861354,87.1304229
Highland Park,NJ,USA,40.4997407,-74.4262011
Lafayette,CO,USA,39.9935959,-105.089705
Erlangen,,Germany,49.5891571,10.9812072
Rostock,,Germany,54.0886707,12.1400211
UK,,France,51.5029386,-0.0014592
Bondi Junction,Sydney,Australia,-33.8930034,151.2501228
Cuscatancingo,,El Salvador,13.7272783,-89.1807753
Prague,,CZ,50.0596288,14.4464593
Nowhere,OK,USA,35.1592256,-98.4422802
Genoa,,Italy,44.40726,8.9338624
University of Oxford,,United Kingdom,51.7587075,-1.2556685
Stockholm,,Sweden.,59.3251172,18.0710935
Rumford,ME,USA,44.5460049,-70.5458422
Manila,Metro Manila,Philippines,14.5904492,120.9803621
Morristown,NJ,USA,40.7970382,-74.4809868
South Jakarta,,Indonesia,-6.2838694,106.8048297
Des Plaines,IL,USA,42.0415823,-87.8873916
Clifton,NJ,USA,40.8584328,-74.1637553
Texas City,TX,USA,29.396013,-94.9175485
Saveh,Markazi Province,Iran,35.0196331,50.3652364
Bhilai,Chhattisgarh,India,21.2120677,81.3732849
Fair Haven,NJ,USA,40.3606653,-74.0381947
Herblay,,France,48.9898588,2.166162
Nanjing,,China,32.0438284,118.7788631
Ho Chi Minh,,Viet Nam,10.7763897,106.7011391
Mebane,NC,USA,36.0959715,-79.2669619
Deurne,,Netherlands,51.4283287,5.8279653
Kokomo,IN,USA,40.4864444,-86.1336351
Beaverton,OR,United States,45.4871723,-122.80378
Noida,,IND,28.4610024,77.4630568
London,,Wielka Brytania,51.5074456,-0.1277653
Bologna,,Italy,44.4938203,11.3426327
Sibiu,,Romania,45.7973912,24.1519202
Zambrow,,Poland,52.9758333,22.2372935
Johannesburg,,South of Africa,-26.1885594,28.0430197
Yokohama,Kanagawa Prefecture,Japan,35.4503381,139.6343802
Western Massachusetts,MA,USA,42.0477302,-72.6434742
Surry Hills,,NSW,-33.8845123,151.2100301
MCR,,UK,51.7507031,-1.2531133
North Miami,FL,USA,25.8900949,-80.1867138
Kumamoto,,Japan,32.6450475,130.6341345
Lake Elsinore,CA,USA,33.6680772,-117.3272615
Montgomeryville,PA,USA,40.2498234,-75.238489
Bayside,WI,United States,43.1860869,-87.904897
Andhra Pradesh,,India,15.9240905,80.1863809
Ghazipur,Uttar Pradesh,India,25.6034862,83.5075888
Tenafly,NJ,USA,40.9253766,-73.9629154
Jodhpur,,India,26.2967719,73.0351433
Columbia,SC,USA,34.000754,-81.0352313
Southeastern,WI,USA,42.4950157,-88.3248927
Kansas City,KS,USA,39.1134562,-94.626497
Saint-Malo,,France,48.649518,-2.0260409
Parma,PR,Italia,44.8013678,10.3280833
New Taipei City,,Taiwan,25.0267902,121.4710784
Lviv,,Ukraine,49.841952,24.0315921
Bogor,Jawa Barat,Indonesia,-6.5962986,106.7972421
Texas,,Puerto Rico,26.649503,-98.3455688
The Woodlands,TX,USA,30.1734194,-95.504686
Pembroke Pines,FL,USA,26.0061943,-80.2872086
Palma de Mallorca,,Spanien,39.5695818,2.6500745
Italy,,Verona,45.4424977,10.9857377
Danbury,CT,USA,41.394817,-73.4540111
Vijayawada,Andhra Pradesh,India,16.5115306,80.6160469
Odesa,Odessa Oblast,Ukraine,46.4843023,30.7322878
Puteaux,,France,48.8841522,2.2368863
Temple City,CA,USA,34.1082994,-118.0577568
El Paso,TX,United States,31.7601164,-106.4870404
Stafford,,United Kingdom,52.8063157,-2.1163818
Terranuova Bracciolini,AR,Italia,43.551208,11.5858271
Idstein,,Germany,50.2212764,8.269554
Hochiminh,,Vietnam,10.7238881,106.7313051
Karad,Maharashtra,India,17.2852127,74.1822147
Tarzana,CA,USA,34.1689262,-118.5365791
South Korea,,Seoul,37.5666791,126.9782914
Bethlehem,PA,United States,40.6178915,-75.3786521
Barcelona,,Spagna,41.3825802,2.177073
Dubai,,United  Arab Emirates,25.0742823,55.1885387
Ontario,,Toronto,43.6534817,-79.3839347
Vancouver,British Columbia,Canada,49.2608724,-123.113952
Pretoria,,South Africa,-25.7459277,28.1879101
Bangalore,,Karnataka,12.9881567,77.6226
Eldoret,,Kenya,0.5198329,35.2715481
McLean,VA,USA,38.9366852,-77.185843
Fairfax,VA,USA,38.8462236,-77.3063733
Pannschoppen,Mettmann,Germany,51.2433315,7.0100261
Sarasota,FL,USA,27.3365805,-82.5308545
Alberta,,Canada,55.001251,-115.002136
Quesnel,BC,Canada,52.9794279,-122.493627
Shandong,,China,36.398987,118.5055691
Mars,,Solar System,-44.0031143,170.4779107
Bangladesh,,Dhaka,23.7643863,90.3890144
Thane,Maharashtra,India,19.1943294,72.9701779
Mohammedia,Casablanca-Settat,Morocco,33.6958383,-7.3893292
Monmouth,IL,United States,40.9127103,-90.6472477
Palm Beach Gardens,FL,USA,26.8233946,-80.1386547
Mountain View,California,USA,37.3893889,-122.0832101
Edinburgh,,Scotland,55.9533456,-3.1883749
Imola,BO,Italia,44.3535145,11.7141233
Wausau,WI,USA,44.9597858,-89.6272791
Charlotte,North Carolina,USA,35.2272086,-80.8430827
Palaiseau,,France,48.7144587,2.2453842
Trieste,,Italy,45.6496485,13.7772781
Socorro,NM,USA,34.0572858,-106.8930799
Geneva,IL,USA,41.8875281,-88.3053525
Ames,IA,USA,42.0267567,-93.6170448
Tallahassee,Fl,USA,30.4380832,-84.2809332
San Juan,PR,USA,18.384239,-66.05344
Mainz,,Deutschland,49.9995205,8.2736253
Braila,,Romania,45.2716092,27.9742932
Tokyo,Tokyo Prefecture,Japan,35.7953617,139.8231754
Nadiad,Gujarat,India,22.6895535,72.8713603
Hangzhou,,Zhejiang China,30.2489634,120.2052342
Sanremo,IM,Italia,43.8198253,7.7748827
Tangerang,,Indonesia,-6.1761924,106.6382161
Worthing,SD,USA,43.329148,-96.762826
Holladay,UT,USA,40.6710765,-111.8250278
Gyumri,,Armenia,40.7852085,43.8416095
Dietikon,,Schweiz,47.4050746,8.4030765
